model_name,pretrained,fraction,augmentation,seed,param_count,best_epoch,best_mAP,training_time_sec,val_loss,mAP,supported_mAP,supported_classes,ap_aeroplane,ap_bicycle,ap_bird,ap_boat,ap_bottle,ap_bus,ap_car,ap_cat,ap_chair,ap_cow,ap_diningtable,ap_dog,ap_horse,ap_motorbike,ap_person,ap_pottedplant,ap_sheep,ap_sofa,ap_train,ap_tvmonitor,run_dir
convnext_t,True,0.05,standard,123,27835508,30,0.7809,428.2,0.09369889949704265,0.7809007865987322,0.7809007865987322,"[0, 1, 2, 3, 4, 5, 6, 7, 8, 9, 10, 11, 12, 13, 14, 15, 16, 17, 18, 19]",0.9565977424712948,0.8541351430845217,0.9129619016035404,0.848345686479102,0.370243964950127,0.8997931789191326,0.7756591849979997,0.9665962626254117,0.5902629012659462,0.7074596984769447,0.6163741333015486,0.9352874519773402,0.8834378631229015,0.8085702439244277,0.9554910591485404,0.3700468661972927,0.7957175297654974,0.6456762150215658,0.9326635871009801,0.7926951175405277,convnext_t_pretrained_frac0.05_aug-standard_seed123
convnext_t,True,0.05,standard,42,27835508,30,0.7808,387.6,0.09326189347020872,0.7807947875959321,0.7807947875959321,"[0, 1, 2, 3, 4, 5, 6, 7, 8, 9, 10, 11, 12, 13, 14, 15, 16, 17, 18, 19]",0.9610542348377804,0.8288066971419138,0.9141482230934546,0.7877328792491353,0.35130043855641385,0.9059991763110681,0.7848426340842476,0.9753259688297725,0.6458545640517908,0.7461710893501844,0.6282305824956546,0.9304854303373323,0.8727685804316754,0.7882377429831231,0.9490968862961514,0.3582193188788604,0.8258768873291806,0.651292038033469,0.9373873376531813,0.7730650419742546,convnext_t_pretrained_frac0.05_aug-standard_seed42
convnext_t,True,0.05,standard,456,27835508,30,0.7781,327.6,0.09337911140787733,0.7781411298644165,0.7781411298644165,"[0, 1, 2, 3, 4, 5, 6, 7, 8, 9, 10, 11, 12, 13, 14, 15, 16, 17, 18, 19]",0.9644630011412983,0.839894349697354,0.9242461538960496,0.8462028905890407,0.33756238015955625,0.9297331819740059,0.7798666714184823,0.9630589378458482,0.613731141966063,0.7153650183825017,0.6241042769206138,0.9238921389288307,0.9220366810796159,0.735777717310244,0.9541807591385288,0.2683256505300718,0.8015243402276515,0.6724328088793505,0.9406425756468418,0.8057819215563805,convnext_t_pretrained_frac0.05_aug-standard_seed456
convnext_t,True,0.1,standard,123,27835508,28,0.8491,431.0,0.07192337959186061,0.8490508732851412,0.8490508732851412,"[0, 1, 2, 3, 4, 5, 6, 7, 8, 9, 10, 11, 12, 13, 14, 15, 16, 17, 18, 19]",0.9796689250703716,0.89108003809403,0.9541341384341475,0.8873010018630052,0.6292705073314343,0.9365640668568418,0.7984914712031641,0.9782555010404645,0.714057036029344,0.8809354541847281,0.6658158571410884,0.9666933943823384,0.9498682708873089,0.9036331017935604,0.962370084164672,0.5347366007183016,0.9029724931885256,0.6244384990933081,0.9671389265630679,0.8535920976631237,convnext_t_pretrained_frac0.10_aug-standard_seed123
convnext_t,True,0.1,standard,42,27835508,30,0.8472,870.9,0.07163284035338151,0.8472420947168914,0.8472420947168914,"[0, 1, 2, 3, 4, 5, 6, 7, 8, 9, 10, 11, 12, 13, 14, 15, 16, 17, 18, 19]",0.9776193037173753,0.8705458162120415,0.9600740693541537,0.8748062854247031,0.5850584328059585,0.9402137472947659,0.8201690483219856,0.9785689514849839,0.7404685058881375,0.8703477290925601,0.6863528597681401,0.9633686291517081,0.946805153393079,0.9052690157941577,0.9611622152157188,0.5125123890909893,0.8971086830113509,0.6520657419412311,0.9644548916063286,0.8378704257684577,convnext_t_pretrained_frac0.10_aug-standard_seed42
convnext_t,True,0.1,standard,456,27835508,25,0.8468,431.1,0.07148633565712761,0.8468102677037799,0.8468102677037799,"[0, 1, 2, 3, 4, 5, 6, 7, 8, 9, 10, 11, 12, 13, 14, 15, 16, 17, 18, 19]",0.9834610885753774,0.8983652264180164,0.9593832819956121,0.9083961056645169,0.5472257747766877,0.9449146103665756,0.8170757618112795,0.9804109568998073,0.715508658795749,0.8766672106884987,0.6904918346192144,0.9632754385185481,0.9522097234550967,0.8943346732929659,0.9616463397310389,0.4800983418128504,0.900884663055264,0.64942809579968,0.9690177210306328,0.8434098467681852,convnext_t_pretrained_frac0.10_aug-standard_seed456
convnext_t,True,0.2,standard,123,27835508,15,0.8801,359.0,0.06231364116563902,0.8800550985360607,0.8800550985360607,"[0, 1, 2, 3, 4, 5, 6, 7, 8, 9, 10, 11, 12, 13, 14, 15, 16, 17, 18, 19]",0.9875583782242484,0.9135668072876565,0.9674881900062844,0.9215315091988122,0.7008722414941423,0.9455905078929727,0.8368083092798061,0.989607639755134,0.7338857312215552,0.9614347688801831,0.720661842671892,0.9742657850696761,0.9636669492537333,0.9384953928918667,0.9639442177630159,0.583515151403749,0.9219743272445807,0.707853339728257,0.9737183494142422,0.8946625320394067,convnext_t_pretrained_frac0.20_aug-standard_seed123
convnext_t,True,0.2,standard,42,27835508,14,0.8808,329.6,0.06233232505210153,0.8808258508590505,0.8808258508590505,"[0, 1, 2, 3, 4, 5, 6, 7, 8, 9, 10, 11, 12, 13, 14, 15, 16, 17, 18, 19]",0.9828862647785637,0.9049938562988115,0.9668414967420228,0.9184150142770607,0.7103714599302327,0.9393399817238354,0.8514828560990813,0.9885361074253339,0.7578225781571808,0.9312765740528085,0.7405948071951152,0.9727357208828478,0.9748246407380796,0.9310507987539287,0.9645643906246043,0.5961186016847302,0.9158623585119903,0.6921322062999958,0.9697970246362728,0.9068702783685108,convnext_t_pretrained_frac0.20_aug-standard_seed42
convnext_t,True,0.2,standard,456,27835508,20,0.8826,426.3,0.06228273566607591,0.8826296934774565,0.8826296934774565,"[0, 1, 2, 3, 4, 5, 6, 7, 8, 9, 10, 11, 12, 13, 14, 15, 16, 17, 18, 19]",0.9898231628187437,0.9078163607957863,0.9692727778203211,0.9273593392548142,0.6972435548006888,0.9515798685481479,0.8450997905019197,0.9902466993692316,0.7379482323846556,0.9523704264923872,0.7425922158893932,0.9732624625050265,0.9726298898395522,0.9350390619984421,0.9622687037568587,0.5922953983263826,0.9170167636158233,0.7082351650358913,0.9718880235190619,0.9086059722760017,convnext_t_pretrained_frac0.20_aug-standard_seed456
convnext_t,True,0.5,standard,123,27835508,10,0.8979,386.8,0.058537998083201086,0.8979203809834327,0.8979203809834327,"[0, 1, 2, 3, 4, 5, 6, 7, 8, 9, 10, 11, 12, 13, 14, 15, 16, 17, 18, 19]",0.993277564128758,0.9272036094207634,0.9714864588599785,0.9332000233537373,0.7714447101782981,0.9532464886895992,0.8533617872988127,0.986938856514503,0.7869303600672005,0.9568778833208511,0.7410428835175297,0.9771713336846563,0.9796326424696923,0.9430262834845843,0.9676520802186339,0.6531584890880519,0.9497388929986881,0.7207900257703199,0.9855790941224363,0.9066481524815614,convnext_t_pretrained_frac0.50_aug-standard_seed123
convnext_t,True,0.5,standard,42,27835508,7,0.9007,301.5,0.05602790055039165,0.9006828026615812,0.9006828026615812,"[0, 1, 2, 3, 4, 5, 6, 7, 8, 9, 10, 11, 12, 13, 14, 15, 16, 17, 18, 19]",0.9927568318928892,0.9258336564059254,0.973954513997306,0.9300089081466367,0.7663562362136275,0.9484275867274478,0.8672608100550323,0.9923810795641986,0.8079578246870561,0.9689979548076051,0.7475522093307415,0.9711613352755769,0.9710405983189473,0.9470434524010998,0.9680044402114356,0.6601201816390873,0.9575718314862828,0.7335457367923444,0.9824829973563523,0.9011978679220336,convnext_t_pretrained_frac0.50_aug-standard_seed42
convnext_t,True,0.5,standard,456,27835508,7,0.8991,298.8,0.05641587008977984,0.899140833473474,0.899140833473474,"[0, 1, 2, 3, 4, 5, 6, 7, 8, 9, 10, 11, 12, 13, 14, 15, 16, 17, 18, 19]",0.9902988741357338,0.9283362319721522,0.9728620380205332,0.9392948204196283,0.7705306371167725,0.9552607063672061,0.8677530122873358,0.990410905385486,0.7918526353094701,0.9660566315088832,0.7490447295554936,0.9780424461857837,0.9735651319754984,0.9395753981858777,0.9694440969792716,0.6517418012816618,0.9524419702085475,0.7160551095226698,0.9846075346166611,0.8956419584348121,convnext_t_pretrained_frac0.50_aug-standard_seed456
convnext_t,True,1.0,standard,123,27835508,5,0.9109,375.2,0.05217912623269872,0.9109157609584339,0.9109157609584339,"[0, 1, 2, 3, 4, 5, 6, 7, 8, 9, 10, 11, 12, 13, 14, 15, 16, 17, 18, 19]",0.9900518373664866,0.9296783425869862,0.9727228737108098,0.935736114738087,0.7909565751629707,0.9607838885524487,0.871999761316215,0.9910096932607732,0.8049852546712685,0.9713282728308961,0.7810217183121556,0.980492870749414,0.9770060914374692,0.9599063104826856,0.9711230977402916,0.6922627129844063,0.9693466336223118,0.7670680267767418,0.9872108964098445,0.913624246456414,convnext_t_pretrained_frac1.00_aug-standard_seed123
convnext_t,True,1.0,standard,42,27835508,8,0.9117,522.5,0.052002935496332885,0.9116918972814769,0.9116918972814769,"[0, 1, 2, 3, 4, 5, 6, 7, 8, 9, 10, 11, 12, 13, 14, 15, 16, 17, 18, 19]",0.9894485206566507,0.9329686782497569,0.9709844875335467,0.942377219480138,0.7836329876549694,0.9596057142370521,0.8809177268896277,0.9892373703855066,0.8150720378165976,0.9566975539824768,0.7867799679507973,0.9792239933191645,0.9784198046762895,0.951937788998701,0.9715994014113609,0.6944582542231821,0.9748215613299858,0.7778199588414699,0.9882074328068772,0.9096274851853908,convnext_t_pretrained_frac1.00_aug-standard_seed42
convnext_t,True,1.0,standard,456,27835508,6,0.9113,414.0,0.052356019779876035,0.9113107737463014,0.9113107737463014,"[0, 1, 2, 3, 4, 5, 6, 7, 8, 9, 10, 11, 12, 13, 14, 15, 16, 17, 18, 19]",0.9910837184341834,0.9285175234976966,0.9720086842595826,0.9410705486131025,0.7994168320048376,0.9607337824342443,0.8770975607989854,0.9902731587505128,0.8071580888510075,0.9820475741661123,0.776881978957512,0.9809121890473378,0.9726554798981732,0.9503442338273418,0.9728740881414659,0.6941468127671442,0.9659769116800629,0.7667125706805163,0.985572372864003,0.9107313652522065,convnext_t_pretrained_frac1.00_aug-standard_seed456
convnext_t,False,0.05,standard,123,27835508,6,0.0811,121.1,0.2463781028003483,0.08113861254224973,0.08113861254224973,"[0, 1, 2, 3, 4, 5, 6, 7, 8, 9, 10, 11, 12, 13, 14, 15, 16, 17, 18, 19]",0.1613653133633638,0.04057739689072108,0.09984873405285927,0.0666191362265605,0.06659734456741892,0.024203047543710762,0.07195104951719389,0.08908160241911549,0.08824339353030647,0.029099934298328772,0.05686734559984595,0.11194815245040925,0.04050729342847142,0.03415959842756478,0.3929313192165588,0.041164963822194756,0.0796700013742063,0.0450068551506492,0.03708808235652947,0.04584168660898562,convnext_t_scratch_frac0.05_aug-standard_seed123
convnext_t,False,0.05,standard,42,27835508,27,0.0845,387.2,0.23388497646038348,0.08452319776448063,0.08452319776448063,"[0, 1, 2, 3, 4, 5, 6, 7, 8, 9, 10, 11, 12, 13, 14, 15, 16, 17, 18, 19]",0.2615852004593614,0.03882547670402989,0.06824705769693369,0.030604830120008086,0.08131123187133459,0.046810061835726315,0.12712125666932264,0.07839798891948459,0.07207595767878375,0.035601349683307505,0.037833163701728005,0.09084676397693978,0.03789805667547814,0.03741770719193236,0.35934078320946056,0.054253762438613067,0.062134698027880894,0.06485982850478247,0.052599217254077485,0.052699562670427164,convnext_t_scratch_frac0.05_aug-standard_seed42
convnext_t,False,0.05,standard,456,27835508,1,0.0825,70.5,0.38199763212885174,0.0824912856501312,0.0824912856501312,"[0, 1, 2, 3, 4, 5, 6, 7, 8, 9, 10, 11, 12, 13, 14, 15, 16, 17, 18, 19]",0.26101386990746883,0.05547573507108128,0.11740526823056724,0.13115183206934297,0.043401166432309096,0.04186512002964435,0.07327606810382394,0.1024747411953989,0.07055395660103086,0.021149726763027704,0.03237904580893584,0.09450110816753676,0.03506335707439207,0.03497367996996438,0.35827015209408575,0.03467420006441188,0.020814817413682442,0.031905611421639356,0.049002313996611195,0.04047394258766893,convnext_t_scratch_frac0.05_aug-standard_seed456
convnext_t,False,0.1,standard,123,27835508,22,0.1056,319.3,0.22818860100520835,0.10558885343951947,0.10558885343951947,"[0, 1, 2, 3, 4, 5, 6, 7, 8, 9, 10, 11, 12, 13, 14, 15, 16, 17, 18, 19]",0.2676196523419072,0.06205897585541299,0.0777174427543139,0.16047941475924601,0.08091410332592941,0.08429086205018232,0.14817182288932704,0.10459182534895486,0.12894325495254344,0.027270317507275234,0.06209953591691726,0.12889936138699432,0.0500463721496774,0.0660816819978488,0.41209802894078273,0.04626677860610463,0.037948501447037486,0.045832026522677545,0.06274148024996881,0.05770562978728821,convnext_t_scratch_frac0.10_aug-standard_seed123
convnext_t,False,0.1,standard,42,27835508,14,0.0897,274.0,0.2351377003795498,0.08974432018760474,0.08974432018760474,"[0, 1, 2, 3, 4, 5, 6, 7, 8, 9, 10, 11, 12, 13, 14, 15, 16, 17, 18, 19]",0.2632153304501895,0.07305912213088893,0.09797113855195752,0.12096832277673567,0.07498515043424608,0.04118173781146063,0.14035856157903487,0.07481999712218304,0.11636804204990236,0.020207335238843886,0.03424485420850194,0.09093304458069199,0.04181779037768913,0.057216204242395576,0.3462901848219013,0.03675310035835485,0.02193199116114459,0.03858935173126042,0.04652251484787713,0.057452629276835324,convnext_t_scratch_frac0.10_aug-standard_seed42
convnext_t,False,0.1,standard,456,27835508,4,0.0809,118.1,0.2563308393889731,0.08085385142015614,0.08085385142015614,"[0, 1, 2, 3, 4, 5, 6, 7, 8, 9, 10, 11, 12, 13, 14, 15, 16, 17, 18, 19]",0.18375320962735273,0.04854826371922963,0.06619279257029112,0.09728027369998637,0.06816948465975722,0.03071791952877992,0.09001444579835075,0.09399872836555304,0.08464480490079537,0.024468530016691237,0.03552933585073159,0.1056326763229638,0.03769337035834547,0.040440989960600804,0.36976930729495805,0.054240771753529364,0.028938750279982328,0.05375151922754677,0.04187663559012013,0.061415218877557035,convnext_t_scratch_frac0.10_aug-standard_seed456
convnext_t,False,0.2,standard,123,27835508,4,0.0771,165.1,0.2544175458478404,0.07712423683602478,0.07712423683602478,"[0, 1, 2, 3, 4, 5, 6, 7, 8, 9, 10, 11, 12, 13, 14, 15, 16, 17, 18, 19]",0.0495116115926738,0.057048087786363305,0.0866534053621276,0.05533941641534874,0.05614017303887921,0.051360158456553416,0.11111231818695516,0.10313760567924699,0.09756743439347694,0.032079336675767706,0.04159258323962447,0.12174730451761044,0.04350777012487725,0.03850216117956633,0.3643475047525216,0.04133934002089753,0.05243984071803946,0.04587361046968079,0.05179642724524952,0.041388646865035,convnext_t_scratch_frac0.20_aug-standard_seed123
convnext_t,False,0.2,standard,42,27835508,3,0.0951,120.8,0.25210780232817265,0.09513286326430008,0.09513286326430008,"[0, 1, 2, 3, 4, 5, 6, 7, 8, 9, 10, 11, 12, 13, 14, 15, 16, 17, 18, 19]",0.25898618526798245,0.050848007866326615,0.08730728153418574,0.09530914497358928,0.07480055042258582,0.049706918092614585,0.12498466175072284,0.10368510171073786,0.11972008731160223,0.02836998833573618,0.057578367798135924,0.1248189249238455,0.04528966749417441,0.06507845997474881,0.396357070241718,0.04624777959647974,0.028794419723681308,0.04085983287976366,0.05050765470977946,0.05340716067759148,convnext_t_scratch_frac0.20_aug-standard_seed42
convnext_t,False,0.2,standard,456,27835508,9,0.0798,217.7,0.23658041721516912,0.07975153128123094,0.07975153128123094,"[0, 1, 2, 3, 4, 5, 6, 7, 8, 9, 10, 11, 12, 13, 14, 15, 16, 17, 18, 19]",0.19455323352880435,0.05070296904492092,0.11453669028874469,0.10956761923320317,0.053930042380916754,0.0339045847851701,0.07574211744957082,0.10668631281921195,0.07341904267825315,0.02352533296827368,0.07058412507419366,0.09686727796759953,0.039470703404768076,0.04546890730925027,0.316540392355123,0.03641726378800029,0.03751486617890183,0.03613483229395353,0.037608082043099636,0.04185623003265955,convnext_t_scratch_frac0.20_aug-standard_seed456
convnext_t,False,0.5,standard,123,27835508,1,0.0837,163.2,0.2534279589142118,0.08372050656622759,0.08372050656622759,"[0, 1, 2, 3, 4, 5, 6, 7, 8, 9, 10, 11, 12, 13, 14, 15, 16, 17, 18, 19]",0.18926081618069743,0.04672315262599783,0.06438439485734543,0.03652516120267474,0.06261595449986554,0.055617628204545536,0.10612957826494372,0.11228122238505504,0.1172777716037989,0.024691961192357056,0.0531305785863695,0.10783464558416803,0.050160964072826414,0.046402031580683276,0.39004343982176376,0.04925411137548266,0.025095216447203438,0.038021193152748115,0.042678427715498596,0.056281881970527095,convnext_t_scratch_frac0.50_aug-standard_seed123
convnext_t,False,0.5,standard,42,27835508,30,0.1328,684.7,0.2204631011892151,0.1327853710787347,0.1327853710787347,"[0, 1, 2, 3, 4, 5, 6, 7, 8, 9, 10, 11, 12, 13, 14, 15, 16, 17, 18, 19]",0.37146850589070524,0.08711653027238857,0.0997886757766585,0.15763537182887222,0.09814861135877843,0.17399270322724902,0.225012138959162,0.15168837524915735,0.1315038757086669,0.037546814877973775,0.0674927244161373,0.14989566844840047,0.04813234404057419,0.0974209908499936,0.4354904098252521,0.06469461462597668,0.044624407530795315,0.06347094902953852,0.08763412392402835,0.06294958573438565,convnext_t_scratch_frac0.50_aug-standard_seed42
convnext_t,False,0.5,standard,456,27835508,28,0.1245,733.2,0.22126527163353596,0.12450868062800753,0.12450868062800753,"[0, 1, 2, 3, 4, 5, 6, 7, 8, 9, 10, 11, 12, 13, 14, 15, 16, 17, 18, 19]",0.35829524689263276,0.07035520541502137,0.06012665798859667,0.15555350174082036,0.09933768497236187,0.0969724471009808,0.20129831639193058,0.13485301079357617,0.1437822026542324,0.035168350993666164,0.07652462612648124,0.15376091572320433,0.05078756644284545,0.07494680065780263,0.4477799155527335,0.06264857157816468,0.03153716207210017,0.05481181486743736,0.1251226373148355,0.056510977280726404,convnext_t_scratch_frac0.50_aug-standard_seed456
convnext_t,False,1.0,standard,123,27835508,27,0.1398,1190.4,0.2189880385176166,0.13977620985906716,0.13977620985906716,"[0, 1, 2, 3, 4, 5, 6, 7, 8, 9, 10, 11, 12, 13, 14, 15, 16, 17, 18, 19]",0.40191932816637416,0.07456561201525774,0.12654558295261392,0.15788103211607968,0.09593634626404815,0.15274555607697193,0.2330834149276568,0.13400392052317806,0.13987770695499097,0.046748922429196524,0.0804975763579884,0.15665624167808073,0.05746507855887824,0.09787232829249377,0.46484038722898785,0.06340489826244819,0.05162275150624571,0.06063926633239984,0.12845999200589495,0.07075825453155726,convnext_t_scratch_frac1.00_aug-standard_seed123
convnext_t,False,1.0,standard,42,27835508,29,0.1349,1105.2,0.21880604948971297,0.13490953911473652,0.13490953911473652,"[0, 1, 2, 3, 4, 5, 6, 7, 8, 9, 10, 11, 12, 13, 14, 15, 16, 17, 18, 19]",0.37606762151112527,0.08084775355318573,0.1318528534318953,0.15756659444030102,0.09995507998784642,0.1794668183604677,0.21871417453310618,0.14037463535342848,0.1372220850073465,0.029211669649338412,0.07260506396409401,0.1515601648692653,0.05612064336336713,0.07987587631700012,0.4558516172163219,0.0758232437674403,0.027778479909582134,0.04919343851941689,0.11450682257113853,0.06359614596906299,convnext_t_scratch_frac1.00_aug-standard_seed42
convnext_t,False,1.0,standard,456,27835508,6,0.1091,430.3,0.22743843446721088,0.10914902264481896,0.10914902264481896,"[0, 1, 2, 3, 4, 5, 6, 7, 8, 9, 10, 11, 12, 13, 14, 15, 16, 17, 18, 19]",0.28697220745179636,0.06180590749704476,0.10093116181591688,0.14993800518666614,0.08668746162868803,0.06727898990595232,0.17471796596367506,0.12093230092961389,0.13665080925908213,0.030667936033482657,0.06709223197772202,0.13660959206539436,0.04191570321449787,0.06686573367792428,0.38581575282369895,0.05366603495897583,0.035327743764203653,0.057821694430143115,0.06924434248053862,0.05203887783136249,convnext_t_scratch_frac1.00_aug-standard_seed456
deit_s,True,0.05,standard,123,21673364,30,0.7674,359.8,0.1186459176651724,0.7673652967295492,0.7673652967295492,"[0, 1, 2, 3, 4, 5, 6, 7, 8, 9, 10, 11, 12, 13, 14, 15, 16, 17, 18, 19]",0.9724160303153949,0.8881857830977201,0.7996747910651524,0.6288693437307076,0.37581763092290005,0.9260823520297385,0.74225446771901,0.9655987789449355,0.6363369088373149,0.7585371652700795,0.6759991679446979,0.8600939922245772,0.8954083958189887,0.8731274151473105,0.908500798552505,0.21914356306313348,0.8566369806069812,0.5886541134170072,0.9501466946717496,0.8258215612110822,deit_s_pretrained_frac0.05_aug-standard_seed123
deit_s,True,0.05,standard,42,21673364,30,0.7709,313.5,0.11755747012384646,0.7708646376836862,0.7708646376836862,"[0, 1, 2, 3, 4, 5, 6, 7, 8, 9, 10, 11, 12, 13, 14, 15, 16, 17, 18, 19]",0.9749690997446709,0.8771097355242883,0.7672108664356703,0.7736484594927671,0.2998984250947361,0.9114826967478771,0.7298528156683871,0.9691611935894199,0.6403249977416376,0.7988025889168607,0.654167033407917,0.8514387533564042,0.8864460008730605,0.8761382993524934,0.9158916637539384,0.2577760924237591,0.8551590791635173,0.6088739935062984,0.9516916088083389,0.817249350071683,deit_s_pretrained_frac0.05_aug-standard_seed42
deit_s,True,0.05,standard,456,21673364,30,0.7682,281.2,0.1173097774550155,0.7681718806909643,0.7681718806909643,"[0, 1, 2, 3, 4, 5, 6, 7, 8, 9, 10, 11, 12, 13, 14, 15, 16, 17, 18, 19]",0.980942698949371,0.865042064646096,0.8003049693263871,0.8155233461335857,0.30947368635857225,0.8964557494629809,0.7421566546882628,0.9744939160214061,0.6384396365795986,0.8318728265485347,0.6247352222416315,0.8604201860530017,0.893771310288266,0.8754301033415566,0.9042965237892769,0.2232069062544852,0.8292726296844133,0.5644267989134839,0.9455965444962077,0.7875758400421691,deit_s_pretrained_frac0.05_aug-standard_seed456
deit_s,True,0.1,standard,123,21673364,30,0.836,392.8,0.08146787045912428,0.8359701334860791,0.8359701334860791,"[0, 1, 2, 3, 4, 5, 6, 7, 8, 9, 10, 11, 12, 13, 14, 15, 16, 17, 18, 19]",0.983787139261633,0.9072316558418695,0.9269459749936214,0.8534385757329289,0.6259222714376763,0.9389440149259973,0.787345707683898,0.9711795712921075,0.6961239010227982,0.862541405464624,0.697979711098895,0.9389541246552257,0.9491329613727497,0.9075912890996221,0.9444852887438305,0.42484853308901027,0.8873925225018419,0.5986560473803034,0.9678941448315662,0.849007829291384,deit_s_pretrained_frac0.10_aug-standard_seed123
deit_s,True,0.1,standard,42,21673364,30,0.838,369.9,0.08134648568191372,0.8379989931323015,0.8379989931323015,"[0, 1, 2, 3, 4, 5, 6, 7, 8, 9, 10, 11, 12, 13, 14, 15, 16, 17, 18, 19]",0.9877622694683788,0.9078982866810946,0.9152682220812149,0.8784423040328729,0.5872591760974172,0.9265348981074636,0.7856832313097164,0.9720969646598058,0.6924564196971212,0.8743193961980926,0.7069311288992187,0.9382374742107341,0.9439340330159828,0.9167417021386521,0.9428236270224325,0.4453031651823429,0.9033830818574177,0.6108491934423308,0.9710343072407013,0.8530209813030363,deit_s_pretrained_frac0.10_aug-standard_seed42
deit_s,True,0.1,standard,456,21673364,30,0.8349,337.8,0.08198613517886989,0.8348990349850103,0.8348990349850103,"[0, 1, 2, 3, 4, 5, 6, 7, 8, 9, 10, 11, 12, 13, 14, 15, 16, 17, 18, 19]",0.9874548553784734,0.9076053556314571,0.9221917032015516,0.8859780860429357,0.6270936040811143,0.9276850082233545,0.7997850099618723,0.976414823849242,0.6777061987879928,0.8749310509517659,0.680218237254968,0.9363993459022304,0.9452135688164535,0.9146556497967936,0.9395720212167025,0.4240310974311791,0.8946261647136997,0.5683887073496668,0.9653363567510063,0.8426938543577462,deit_s_pretrained_frac0.10_aug-standard_seed456
deit_s,True,0.2,standard,123,21673364,29,0.8721,340.0,0.06560920747918086,0.8720667321194278,0.8720667321194278,"[0, 1, 2, 3, 4, 5, 6, 7, 8, 9, 10, 11, 12, 13, 14, 15, 16, 17, 18, 19]",0.9875045471206311,0.9178560693286137,0.9572892054136989,0.9170507407550568,0.6533945194758647,0.9432889040268218,0.8243257322639252,0.9834331165745616,0.73996193484784,0.9247118902242855,0.7318126338159429,0.9568963752154861,0.959806929497183,0.924445987322156,0.9580390892863655,0.5868089052683343,0.9142615704989524,0.6920296865370986,0.9722746448132328,0.8961421601025013,deit_s_pretrained_frac0.20_aug-standard_seed123
deit_s,True,0.2,standard,42,21673364,30,0.8756,430.8,0.06484671763993882,0.8756443567418811,0.8756443567418811,"[0, 1, 2, 3, 4, 5, 6, 7, 8, 9, 10, 11, 12, 13, 14, 15, 16, 17, 18, 19]",0.9901156482084399,0.9179162610802006,0.9556207054090005,0.9222601032425876,0.6700771736901288,0.9424634276498369,0.8275033222917342,0.9830063077747452,0.7404941473624183,0.9286488668426857,0.7352875702249738,0.9588685635698367,0.9568867821790962,0.9334768151229308,0.9566240815200526,0.5967965609069831,0.9284750717269433,0.6946053060697058,0.9764544220769055,0.8973059978884174,deit_s_pretrained_frac0.20_aug-standard_seed42
deit_s,True,0.2,standard,456,21673364,29,0.8739,513.0,0.06513266208080146,0.8739042797935591,0.8739042797935591,"[0, 1, 2, 3, 4, 5, 6, 7, 8, 9, 10, 11, 12, 13, 14, 15, 16, 17, 18, 19]",0.9873531204765276,0.9229804879209227,0.9552474985752628,0.9137920003747256,0.6533533057681038,0.9404766964656883,0.831550546265394,0.9841290815240709,0.74521683923641,0.9260446212996665,0.7356829018938285,0.9604650826123613,0.9603347243380405,0.9277609631338741,0.957109388822783,0.6058392430109119,0.9044628490693446,0.6957549690326914,0.9720969489563136,0.8984343270942622,deit_s_pretrained_frac0.20_aug-standard_seed456
deit_s,True,0.5,standard,123,21673364,17,0.8918,346.0,0.057917498297743744,0.8917567492868554,0.8917567492868554,"[0, 1, 2, 3, 4, 5, 6, 7, 8, 9, 10, 11, 12, 13, 14, 15, 16, 17, 18, 19]",0.9879665353112503,0.9240898178310968,0.9649117540606525,0.929516496186696,0.7272206115957038,0.9442578345688943,0.8689642555257668,0.9878970225101613,0.7744385507241337,0.9329062604550477,0.730617084755393,0.972428424289875,0.9665861552065373,0.9382351224469063,0.9645507653096975,0.662058427028829,0.9449570637875578,0.7252465224460816,0.9844478194831581,0.9038384622136735,deit_s_pretrained_frac0.50_aug-standard_seed123
deit_s,True,0.5,standard,42,21673364,16,0.8924,393.8,0.05801926712904658,0.8924237105486654,0.8924237105486654,"[0, 1, 2, 3, 4, 5, 6, 7, 8, 9, 10, 11, 12, 13, 14, 15, 16, 17, 18, 19]",0.9890217482582782,0.9219712651366926,0.9631054169338714,0.9387967009268232,0.7291194007692903,0.9416465449989366,0.8682134498252956,0.9878455179814118,0.777526523610332,0.9389349481155701,0.7428721208137053,0.969286901665371,0.9650705040340386,0.9376518212168855,0.9632444153750706,0.6574688924062251,0.9432194426316016,0.7232212470064935,0.9850012615625646,0.9052560877048493,deit_s_pretrained_frac0.50_aug-standard_seed42
deit_s,True,0.5,standard,456,21673364,16,0.8909,351.4,0.05835159217099567,0.8909278954040352,0.8909278954040352,"[0, 1, 2, 3, 4, 5, 6, 7, 8, 9, 10, 11, 12, 13, 14, 15, 16, 17, 18, 19]",0.9891355016419447,0.9300891096236682,0.9634141006022197,0.934172426947589,0.7384742575892762,0.942995032259717,0.8683448723541293,0.9878150312630215,0.7767798352705931,0.9250515890638619,0.7295448628900094,0.9699567200660649,0.9644727343528432,0.9347152866676917,0.9650087522774903,0.6562870577052423,0.9377054745701183,0.7223925826001543,0.9783182228475968,0.9038844574874706,deit_s_pretrained_frac0.50_aug-standard_seed456
deit_s,True,1.0,standard,123,21673364,14,0.9019,439.3,0.05437058517402345,0.9018587739228788,0.9018587739228788,"[0, 1, 2, 3, 4, 5, 6, 7, 8, 9, 10, 11, 12, 13, 14, 15, 16, 17, 18, 19]",0.9888516863493163,0.9244370976408396,0.9668523688284436,0.9425570242721445,0.7562625461574342,0.9512223162140473,0.8803542096815526,0.9876898837662083,0.789047574396349,0.942408523867367,0.7498106252738653,0.9764579438981112,0.9671264215149127,0.948675805596175,0.968670749935336,0.6817138324707203,0.960101723212406,0.7565866266691654,0.9852906619347159,0.9130578567784688,deit_s_pretrained_frac1.00_aug-standard_seed123
deit_s,True,1.0,standard,42,21673364,12,0.9031,451.3,0.054214683576272085,0.9031069040392261,0.9031069040392261,"[0, 1, 2, 3, 4, 5, 6, 7, 8, 9, 10, 11, 12, 13, 14, 15, 16, 17, 18, 19]",0.9893640178497447,0.9252292287873226,0.9657386651386759,0.9418049856410811,0.7447437797393043,0.9520484291073718,0.8764999761521692,0.988286735413464,0.7921780744852314,0.9440853987174788,0.7772195861670376,0.9758815700407437,0.9730139956726868,0.9490728200593239,0.9691856061044567,0.6817947614012776,0.9636232561021164,0.7567277809804699,0.9872241721507655,0.9084152410738003,deit_s_pretrained_frac1.00_aug-standard_seed42
deit_s,True,1.0,standard,456,21673364,12,0.9025,370.3,0.05460421982538569,0.9025411875941808,0.9025411875941808,"[0, 1, 2, 3, 4, 5, 6, 7, 8, 9, 10, 11, 12, 13, 14, 15, 16, 17, 18, 19]",0.9909042523599941,0.9260640193674732,0.9675653781340897,0.9402617519958342,0.7624839728322806,0.9460474479303883,0.8752040518284463,0.9887920664958062,0.7918636831432282,0.9410744921369111,0.7633761985120194,0.9773384884005692,0.9613997512281278,0.946893483236839,0.9689134033284647,0.6896193511710537,0.9626710833292692,0.7578323775317186,0.9835199608827104,0.9089985380383915,deit_s_pretrained_frac1.00_aug-standard_seed456
deit_s,False,0.05,standard,123,21673364,23,0.1081,334.0,0.2303477753322203,0.10809934458164094,0.10809934458164094,"[0, 1, 2, 3, 4, 5, 6, 7, 8, 9, 10, 11, 12, 13, 14, 15, 16, 17, 18, 19]",0.24762838348806132,0.036927405913801066,0.11889739186533987,0.12514027695530688,0.1044375746302072,0.0499030188848042,0.1578930336852681,0.11530490823635073,0.12611956617273484,0.029210070715364682,0.08259134067893527,0.10556876905168124,0.04223991850393056,0.04835355769634253,0.45771256262625626,0.05609527774441296,0.03889596239617643,0.07305091956991497,0.07731057003886674,0.06870638277906338,deit_s_scratch_frac0.05_aug-standard_seed123
deit_s,False,0.05,standard,42,21673364,3,0.1006,97.9,0.24539529163758833,0.10055620568217864,0.10055620568217864,"[0, 1, 2, 3, 4, 5, 6, 7, 8, 9, 10, 11, 12, 13, 14, 15, 16, 17, 18, 19]",0.2701991594286844,0.03819143009839171,0.10594394210463531,0.1262977399501511,0.10017602199314542,0.04005751510461444,0.1420454434169779,0.08174987944238857,0.1420856673156735,0.02740283539965447,0.03585436961526878,0.12079829788177551,0.043302943751511044,0.04814387323349863,0.3988573494643591,0.05639178092761442,0.09883622572529224,0.04524499077138816,0.050463724242917785,0.03908092377563059,deit_s_scratch_frac0.05_aug-standard_seed42
deit_s,False,0.05,standard,456,21673364,3,0.1033,121.3,0.2455644586256572,0.10327694163743154,0.10327694163743154,"[0, 1, 2, 3, 4, 5, 6, 7, 8, 9, 10, 11, 12, 13, 14, 15, 16, 17, 18, 19]",0.27014048262640994,0.04442483524677241,0.13062001385845232,0.148283415351926,0.09043022486841482,0.039745384554522964,0.14663820717407575,0.09128789203626204,0.11936461853953026,0.03316788109739714,0.04379575363977982,0.11554676221188875,0.03294354959245014,0.03590273951939465,0.44720299791183105,0.04275686433016218,0.06427704424254742,0.05428101502037462,0.04868761844881499,0.06604153247762343,deit_s_scratch_frac0.05_aug-standard_seed456
deit_s,False,0.1,standard,123,21673364,29,0.1309,371.2,0.22360864625527307,0.13090960396337742,0.13090960396337742,"[0, 1, 2, 3, 4, 5, 6, 7, 8, 9, 10, 11, 12, 13, 14, 15, 16, 17, 18, 19]",0.2990848692422578,0.054013394854808876,0.1490869396833895,0.12744629425184684,0.10810914619055217,0.09844142566758302,0.20085128199850005,0.13063522432283756,0.13845639809853313,0.0454857646617286,0.06135651243838862,0.14749008558128576,0.05408081446264148,0.07219938525255079,0.5184597151725556,0.04725667061949549,0.11493125629013001,0.07680757074100648,0.07612219794980846,0.09787713178764779,deit_s_scratch_frac0.10_aug-standard_seed123
deit_s,False,0.1,standard,42,21673364,27,0.1296,312.5,0.22375279042746996,0.12958044451662182,0.12958044451662182,"[0, 1, 2, 3, 4, 5, 6, 7, 8, 9, 10, 11, 12, 13, 14, 15, 16, 17, 18, 19]",0.26615641835771653,0.05288593083661161,0.16269161214438704,0.13462183812224857,0.1015264291308183,0.1005417681638967,0.19127547202588752,0.14082336578373988,0.12754050582538634,0.04937150152863811,0.0625856294862953,0.15344299947716866,0.05508552377663098,0.08270930020159495,0.5206939820359043,0.04856317305723609,0.13312488994843574,0.06936172105725166,0.06500853168417904,0.07359829768840903,deit_s_scratch_frac0.10_aug-standard_seed42
deit_s,False,0.1,standard,456,21673364,29,0.1426,337.9,0.22082071710418869,0.1425781137020971,0.1425781137020971,"[0, 1, 2, 3, 4, 5, 6, 7, 8, 9, 10, 11, 12, 13, 14, 15, 16, 17, 18, 19]",0.30639554308316025,0.05358998957439544,0.15510884297727,0.15185508300095757,0.10445217914279137,0.13543958099257963,0.2427106386025589,0.16050365216918594,0.14798922731356473,0.052909770295520304,0.06583568300619672,0.15932398461455116,0.05324298210515835,0.07530167882545882,0.5303947864834668,0.05183878749551686,0.15582950294996983,0.08856377500564097,0.07673666482420458,0.08353992157979351,deit_s_scratch_frac0.10_aug-standard_seed456
deit_s,False,0.2,standard,123,21673364,29,0.1858,425.2,0.2103894898197153,0.18583302343397046,0.18583302343397046,"[0, 1, 2, 3, 4, 5, 6, 7, 8, 9, 10, 11, 12, 13, 14, 15, 16, 17, 18, 19]",0.4168296549753104,0.1009406446599239,0.16849408506692937,0.1848391833593282,0.1173813127920773,0.2123419730750431,0.2564727937292933,0.27173678625510916,0.18857569926448442,0.05721421202301061,0.11128078139627746,0.19834586514719976,0.06571432240095063,0.16084841980641124,0.5925759561601592,0.08165161647743296,0.1379038870359363,0.10532944059874068,0.17566004657259524,0.11252378788319543,deit_s_scratch_frac0.20_aug-standard_seed123
deit_s,False,0.2,standard,42,21673364,3,0.1065,113.2,0.2317182428234226,0.10654662312734053,0.10654662312734053,"[0, 1, 2, 3, 4, 5, 6, 7, 8, 9, 10, 11, 12, 13, 14, 15, 16, 17, 18, 19]",0.2750616644849277,0.05914744236584768,0.13359329925229477,0.1385761160353625,0.08885369658946127,0.047675545795712204,0.14500479292534735,0.1138160915424705,0.13845366238604706,0.02342952242428173,0.07639204777904081,0.13808282625447554,0.04388430125534465,0.048776744571336156,0.41332486700609616,0.04639264205061311,0.026198743336891983,0.06238860445919506,0.05989150200513937,0.051988350026925326,deit_s_scratch_frac0.20_aug-standard_seed42
deit_s,False,0.2,standard,456,21673364,19,0.1654,297.1,0.2166485092142126,0.16536583775160435,0.16536583775160435,"[0, 1, 2, 3, 4, 5, 6, 7, 8, 9, 10, 11, 12, 13, 14, 15, 16, 17, 18, 19]",0.38591157016602534,0.08358002226448184,0.16045965539544216,0.1555151911866124,0.10192368602401569,0.17870505519567634,0.2537399388043162,0.19966166926650794,0.16763155340584418,0.03794351891494965,0.09817744336840366,0.1931079699918008,0.062224772940424916,0.11205869009947161,0.5649257581005315,0.08768768654730247,0.16420815964102772,0.07657912716427574,0.13384433317303485,0.08943095338194179,deit_s_scratch_frac0.20_aug-standard_seed456
deit_s,False,0.5,standard,123,21673364,30,0.2335,562.3,0.20067823719192338,0.23347636740891878,0.23347636740891878,"[0, 1, 2, 3, 4, 5, 6, 7, 8, 9, 10, 11, 12, 13, 14, 15, 16, 17, 18, 19]",0.4771610481292214,0.15060486338466467,0.23005791595580782,0.24958875941836556,0.12647110998323083,0.2566950450024734,0.28207059040279514,0.3256732285660755,0.2540699597144373,0.10226212588576417,0.163825391126674,0.2509617797142039,0.12011656235031042,0.2027537588684274,0.6111058280281374,0.11910368134129788,0.21879300110838168,0.13065473247678827,0.22257910975711284,0.17497885696420587,deit_s_scratch_frac0.50_aug-standard_seed123
deit_s,False,0.5,standard,42,21673364,10,0.1665,229.4,0.2200796697493438,0.1664963563363931,0.1664963563363931,"[0, 1, 2, 3, 4, 5, 6, 7, 8, 9, 10, 11, 12, 13, 14, 15, 16, 17, 18, 19]",0.38531208782503884,0.10931203043261936,0.1386744800642993,0.16917756028135983,0.10431611823280892,0.16047544647518605,0.2603422227913287,0.2157054381595176,0.1569646349577702,0.07415118310469807,0.0886823769124388,0.1869358097502965,0.07081881661797035,0.12870275604617817,0.5446735451733881,0.07721230309040283,0.15866741866444753,0.09435529452933594,0.11494492213472005,0.0905026814840575,deit_s_scratch_frac0.50_aug-standard_seed42
deit_s,False,0.5,standard,456,21673364,27,0.2103,468.4,0.2053915553695553,0.21027634206873008,0.21027634206873008,"[0, 1, 2, 3, 4, 5, 6, 7, 8, 9, 10, 11, 12, 13, 14, 15, 16, 17, 18, 19]",0.42376102745166083,0.1653537378217415,0.19841828233192027,0.20559083221081456,0.13133726011675925,0.2054289048763586,0.26567808076257093,0.29898631106874624,0.2261698862325413,0.08337934428535394,0.15150501608785022,0.24879742637313296,0.09751374279809233,0.17497641025929142,0.6074410991247073,0.11776345444218364,0.208936928443189,0.11979329297432345,0.15840936599985456,0.11628643771350984,deit_s_scratch_frac0.50_aug-standard_seed456
deit_s,False,1.0,standard,123,21673364,7,0.1671,316.3,0.21626114075655464,0.1671361772348126,0.1671361772348126,"[0, 1, 2, 3, 4, 5, 6, 7, 8, 9, 10, 11, 12, 13, 14, 15, 16, 17, 18, 19]",0.3689988385165763,0.11265026972027614,0.14217706063278857,0.181972066264354,0.113951368177996,0.1770210619176779,0.24981112763257476,0.21318754412769092,0.16230274760113234,0.05579101064154785,0.08750727819652124,0.201181183167626,0.06681149133131385,0.10399931049809204,0.5758545396241533,0.08279948366216042,0.17548505234194764,0.07558994378520788,0.10315549474885621,0.0924766721077588,deit_s_scratch_frac1.00_aug-standard_seed123
deit_s,False,1.0,standard,42,21673364,4,0.1663,232.0,0.21965072066574307,0.16632776912212913,0.16632776912212913,"[0, 1, 2, 3, 4, 5, 6, 7, 8, 9, 10, 11, 12, 13, 14, 15, 16, 17, 18, 19]",0.33214131235588296,0.10780690882379948,0.13979336036225554,0.15415124950127007,0.119767990246027,0.1639719836929859,0.27392500916128354,0.20725717358945273,0.16496889742203782,0.07209492997333929,0.09414998948445802,0.19337289129595125,0.0733791285946476,0.1692412645119984,0.5457065876581405,0.08255429259656996,0.16825131572659718,0.08542890979867043,0.09590093527272475,0.0826912523744898,deit_s_scratch_frac1.00_aug-standard_seed42
deit_s,False,1.0,standard,456,21673364,6,0.174,256.3,0.21917750432596103,0.17399633096896586,0.17399633096896586,"[0, 1, 2, 3, 4, 5, 6, 7, 8, 9, 10, 11, 12, 13, 14, 15, 16, 17, 18, 19]",0.37981723167531484,0.11195269849085285,0.12675856424323112,0.15895408885343437,0.11659702469738098,0.1695077812761283,0.22813130064352277,0.22618604414091112,0.20071269936362907,0.07207675352191106,0.11921660855074666,0.1946086724478192,0.07194235896784584,0.1564613325996253,0.5618821832162704,0.07726951491101024,0.16003265895823823,0.10590426646471986,0.1372171980105343,0.10469763834619028,deit_s_scratch_frac1.00_aug-standard_seed456
resnet50,True,0.05,standard,123,23549012,12,0.7558,135.8,0.09766581744610608,0.7557732226074334,0.7557732226074334,"[0, 1, 2, 3, 4, 5, 6, 7, 8, 9, 10, 11, 12, 13, 14, 15, 16, 17, 18, 19]",0.9419129627691041,0.8207830268167162,0.9080277090954179,0.8430119573702711,0.3103125696433515,0.9184420527702652,0.75533286285317,0.9484802740570248,0.6054309940433853,0.624654136400376,0.5983877679846437,0.8694995126161122,0.8091908285992723,0.796746713876297,0.9300334470050391,0.33513829718866456,0.786509386009437,0.5776185972871074,0.9259810424284286,0.8099703133345842,resnet50_pretrained_frac0.05_aug-standard_seed123
resnet50,True,0.05,standard,42,23549012,18,0.7696,174.1,0.09674950500766,0.7695741257380802,0.7695741257380802,"[0, 1, 2, 3, 4, 5, 6, 7, 8, 9, 10, 11, 12, 13, 14, 15, 16, 17, 18, 19]",0.9608915692833246,0.8151214110077697,0.8791710402370831,0.8360637910982135,0.4033410674614497,0.9118408497203974,0.748374322840799,0.9480592534088702,0.5940063375724589,0.7020651531042352,0.6106225094584765,0.8800374600315186,0.8512250353073424,0.8289383930293176,0.9178137828511581,0.38268430658070424,0.7707213653136893,0.6088172127632246,0.9176639805400975,0.824023673151472,resnet50_pretrained_frac0.05_aug-standard_seed42
resnet50,True,0.05,standard,456,23549012,29,0.7641,245.8,0.09651471371506597,0.76409406435057,0.76409406435057,"[0, 1, 2, 3, 4, 5, 6, 7, 8, 9, 10, 11, 12, 13, 14, 15, 16, 17, 18, 19]",0.9533298187453347,0.8206327813639134,0.8713488649306061,0.8375599104153096,0.3873063131823089,0.9076817262324136,0.7510467040450615,0.9534492318103771,0.5893048978262259,0.673709472841367,0.5701404028735054,0.8879758800724363,0.8414740970857619,0.7858890116289011,0.9286934296386197,0.40931067431258256,0.7477055281150833,0.6244834413523339,0.933656843245945,0.8071822572933119,resnet50_pretrained_frac0.05_aug-standard_seed456
resnet50,True,0.1,standard,123,23549012,15,0.8043,168.2,0.08765311092957036,0.8043272739554771,0.8043272739554771,"[0, 1, 2, 3, 4, 5, 6, 7, 8, 9, 10, 11, 12, 13, 14, 15, 16, 17, 18, 19]",0.9672900599947413,0.8064199546242389,0.9292741208627027,0.8541323923777936,0.5663065873215047,0.9224921009925551,0.7615561943019199,0.9514406420066662,0.6820153217162402,0.753796073593687,0.587791977021969,0.9123069234166694,0.8801471622282381,0.8503962680918769,0.9399307227606305,0.4869994915830405,0.8496142457818154,0.6009319878631842,0.9525012188086236,0.8312020337614446,resnet50_pretrained_frac0.10_aug-standard_seed123
resnet50,True,0.1,standard,42,23549012,10,0.8056,123.3,0.08533872201383769,0.8056280016442745,0.8056280016442745,"[0, 1, 2, 3, 4, 5, 6, 7, 8, 9, 10, 11, 12, 13, 14, 15, 16, 17, 18, 19]",0.9611491084088298,0.8345620460206599,0.9278761266078394,0.8502005616761085,0.6077966325117725,0.9174663855288492,0.7629113317569874,0.9603499399972181,0.6791089817354026,0.7338463138578867,0.612656998878695,0.9235095423767824,0.8598137051047239,0.845882436753744,0.9457110476539078,0.48439730545004306,0.8452608871549977,0.5761050439355672,0.9499205213142056,0.8340351161612701,resnet50_pretrained_frac0.10_aug-standard_seed42
resnet50,True,0.1,standard,456,23549012,17,0.8044,175.7,0.08873297413299372,0.8044331720348952,0.8044331720348952,"[0, 1, 2, 3, 4, 5, 6, 7, 8, 9, 10, 11, 12, 13, 14, 15, 16, 17, 18, 19]",0.9618575841536509,0.816207706292914,0.9280219488674603,0.8485702147029082,0.5749110430617765,0.9249566899422201,0.7455764891547028,0.9547399862296865,0.6777377843887687,0.7661543937313474,0.5530066718356912,0.9169656115937093,0.8848609289908856,0.8481565503054073,0.9387139054322489,0.4984780607481189,0.8768462563097568,0.6084326308556118,0.9403038611959059,0.824165122905135,resnet50_pretrained_frac0.10_aug-standard_seed456
resnet50,True,0.2,standard,123,23549012,7,0.8225,121.9,0.0824610261799215,0.82246288496146,0.82246288496146,"[0, 1, 2, 3, 4, 5, 6, 7, 8, 9, 10, 11, 12, 13, 14, 15, 16, 17, 18, 19]",0.9690082046323311,0.825216293316444,0.9450931609551488,0.8390611775257867,0.6092312843693507,0.9178375967997154,0.783531345519813,0.9540667406263879,0.6851509063531163,0.8074902048785518,0.6433174884704335,0.9113888647760873,0.8965844864680755,0.8749836856300209,0.9434946264880226,0.5296941140139579,0.8707388760087216,0.6463232703590737,0.9501321912169396,0.846913180821223,resnet50_pretrained_frac0.20_aug-standard_seed123
resnet50,True,0.2,standard,42,23549012,6,0.8243,114.5,0.08078168565919111,0.8242859047359812,0.8242859047359812,"[0, 1, 2, 3, 4, 5, 6, 7, 8, 9, 10, 11, 12, 13, 14, 15, 16, 17, 18, 19]",0.9741819313646478,0.8493659505914941,0.9484992090088356,0.8600516555976737,0.6423034085265213,0.9233325739997028,0.7867477797142985,0.9548239355196165,0.6808829186212061,0.7655670394550859,0.6514271822579047,0.9254905553085042,0.9058180364740129,0.8801648715185714,0.9504808815166579,0.5345719528887086,0.8479791224867599,0.609061332288155,0.9508720283402664,0.8440957292410017,resnet50_pretrained_frac0.20_aug-standard_seed42
resnet50,True,0.2,standard,456,23549012,8,0.8226,124.0,0.08423929362670406,0.8225881436023516,0.8225881436023516,"[0, 1, 2, 3, 4, 5, 6, 7, 8, 9, 10, 11, 12, 13, 14, 15, 16, 17, 18, 19]",0.9657645083377749,0.8421670539774823,0.9477305686604016,0.8382478474975036,0.6462438471611806,0.9062269736318831,0.7901823452528529,0.965348100791729,0.695974561928845,0.8195174489309404,0.5920397087165723,0.9096841399570139,0.8805209790435229,0.8671490049470669,0.9501326642986851,0.5419042915515434,0.8817410664937786,0.6152628292979267,0.9446608446274254,0.8512640869428999,resnet50_pretrained_frac0.20_aug-standard_seed456
resnet50,True,0.5,standard,123,23549012,4,0.8463,129.5,0.07790539761657243,0.8463096132049575,0.8463096132049575,"[0, 1, 2, 3, 4, 5, 6, 7, 8, 9, 10, 11, 12, 13, 14, 15, 16, 17, 18, 19]",0.9689954989916795,0.8732969241705214,0.9429597457215662,0.8791480041249531,0.6908788412826267,0.9140231184457978,0.8216824895030591,0.9687312264150089,0.7346826689414546,0.8466248710424011,0.6663063120284378,0.9397462070373691,0.9140292120021224,0.8879795917450805,0.9572672680289552,0.603499775958139,0.8884026543628583,0.636705376376019,0.9606639053617763,0.8305685725593215,resnet50_pretrained_frac0.50_aug-standard_seed123
resnet50,True,0.5,standard,42,23549012,6,0.8468,159.8,0.08006276108406402,0.8467871315744256,0.8467871315744256,"[0, 1, 2, 3, 4, 5, 6, 7, 8, 9, 10, 11, 12, 13, 14, 15, 16, 17, 18, 19]",0.9786757419528425,0.879878432456695,0.9431301415705463,0.8636147757143336,0.6960550908600954,0.9169890077745472,0.8096613188793638,0.9644401680275503,0.7291910452633475,0.8680847509408027,0.6715179563967931,0.9336033848133571,0.9181487554200544,0.8925803761592614,0.95403724802249,0.617631377517282,0.8898320851604347,0.6480019132936928,0.9466260817564276,0.814042979508595,resnet50_pretrained_frac0.50_aug-standard_seed42
resnet50,True,0.5,standard,456,23549012,8,0.8493,180.6,0.07786737185913128,0.8492562840915936,0.8492562840915936,"[0, 1, 2, 3, 4, 5, 6, 7, 8, 9, 10, 11, 12, 13, 14, 15, 16, 17, 18, 19]",0.9814969539785157,0.8644965654907644,0.9517103366988511,0.8776504840055943,0.7024679851070091,0.9202669265247148,0.8293686893356391,0.9672459843813176,0.7410214004905756,0.8344856336815334,0.6854446311070628,0.9320097503520532,0.9153591765107791,0.90266856016979,0.9552701843579,0.597719535514768,0.8847339230529654,0.6643205837109135,0.96580372829769,0.8115846490634351,resnet50_pretrained_frac0.50_aug-standard_seed456
resnet50,True,1.0,none,123,23549012,3,0.8546,161.9,0.07668379608255166,0.8546351078992686,0.8546351078992686,"[0, 1, 2, 3, 4, 5, 6, 7, 8, 9, 10, 11, 12, 13, 14, 15, 16, 17, 18, 19]",0.981274895493306,0.8670139149724011,0.9489933978071197,0.8946442483242155,0.6773747854454805,0.9359968890026304,0.8279257040080599,0.9659811429084889,0.7366839602120853,0.8590342124352258,0.6968883894309217,0.9417401439393235,0.9193008339977919,0.9147025811128467,0.9571087074774202,0.6105498446910902,0.9034589136278509,0.6565879138544772,0.9684335966280793,0.8290080826165559,resnet50_pretrained_frac1.00_aug-none_seed123
resnet50,True,1.0,none,42,23549012,2,0.8553,143.5,0.07728707094441403,0.8552678227936404,0.8552678227936404,"[0, 1, 2, 3, 4, 5, 6, 7, 8, 9, 10, 11, 12, 13, 14, 15, 16, 17, 18, 19]",0.9764753528032118,0.8775075760459206,0.9495394087776212,0.8828535278854106,0.6831819603095339,0.925904500675594,0.8232135366347682,0.9717337612024491,0.7474561592954991,0.8121746082512585,0.7105012645600123,0.9367657253711882,0.9264792664190366,0.8928943781221484,0.9569423160228429,0.6411393783919859,0.8949840842788006,0.6687350864466401,0.9644953836010021,0.8623791807778876,resnet50_pretrained_frac1.00_aug-none_seed42
resnet50,True,1.0,none,456,23549012,25,0.8625,604.6,0.11259336495301225,0.8625137375507306,0.8625137375507306,"[0, 1, 2, 3, 4, 5, 6, 7, 8, 9, 10, 11, 12, 13, 14, 15, 16, 17, 18, 19]",0.9816348213437642,0.882007289026395,0.9531147210292235,0.8847643439805047,0.691239323313664,0.9385068382387792,0.8230280053869792,0.9702781795433061,0.7342113038481023,0.8746333235115671,0.6780010479557835,0.9500061186558434,0.9392240326119666,0.9206611156895573,0.955179841242544,0.6386824809253416,0.9105609360384345,0.6847669865909661,0.972253201301113,0.8675208407807724,resnet50_pretrained_frac1.00_aug-none_seed456
resnet50,True,1.0,standard,123,23549012,3,0.8539,167.7,0.07580481453256292,0.8539096506850872,0.8539096506850872,"[0, 1, 2, 3, 4, 5, 6, 7, 8, 9, 10, 11, 12, 13, 14, 15, 16, 17, 18, 19]",0.9810997969959415,0.8704842375960589,0.9472237398908583,0.8843688381653996,0.7039308021105792,0.9228701962925645,0.8116430724585448,0.9675385216006513,0.7372223690468507,0.8417161160641758,0.6913479713968698,0.9423556070324826,0.9095626981886926,0.9110100438639932,0.9545201431539078,0.6156544830413342,0.8885078810863543,0.671706875523447,0.9701185786132701,0.8553110415797651,resnet50_pretrained_frac1.00_aug-standard_seed123
resnet50,True,1.0,standard,42,23549012,4,0.8532,195.6,0.07685472406856306,0.8531600585230663,0.8531600585230663,"[0, 1, 2, 3, 4, 5, 6, 7, 8, 9, 10, 11, 12, 13, 14, 15, 16, 17, 18, 19]",0.9747266714737184,0.8467057025118699,0.9414548317704914,0.8691688123345883,0.7009633850307335,0.9274651719460023,0.8282789746427045,0.969068245989949,0.745408281172165,0.8412973826415076,0.6971549843681633,0.9355211997174349,0.9280302220776955,0.8898503572727258,0.9541187788185128,0.6294988940008555,0.9066930281125636,0.6609892110676341,0.9594263928578501,0.8573806426541613,resnet50_pretrained_frac1.00_aug-standard_seed42
resnet50,True,1.0,standard,456,23549012,4,0.8589,194.1,0.07298500930051227,0.8588520300268243,0.8588520300268243,"[0, 1, 2, 3, 4, 5, 6, 7, 8, 9, 10, 11, 12, 13, 14, 15, 16, 17, 18, 19]",0.976558984295977,0.8745002987766596,0.9512051739420765,0.8768749102877846,0.7012608287964243,0.9271009993794227,0.8370267981573111,0.9709461094446699,0.7492870729802343,0.8558787677459794,0.6891197841483243,0.9391100296725766,0.9357463298996146,0.9090018278651377,0.9569341000628719,0.6260634005547346,0.9017213638600512,0.6716667291055952,0.9736714994351975,0.8533655921258423,resnet50_pretrained_frac1.00_aug-standard_seed456
resnet50,True,1.0,strong,123,23549012,13,0.8595,369.1,0.07754885892455395,0.8595366026276873,0.8595366026276873,"[0, 1, 2, 3, 4, 5, 6, 7, 8, 9, 10, 11, 12, 13, 14, 15, 16, 17, 18, 19]",0.972205240925557,0.8765605561834103,0.9458543972327177,0.8841828527215297,0.6762406069933801,0.9448155777285925,0.8320412844762826,0.9754081399047675,0.709622708133584,0.8884009516884569,0.7100933320593846,0.9515140515751258,0.9341727331947358,0.8875570384071613,0.9564886036247708,0.6335404964270699,0.9180930255421945,0.703037965828076,0.9667177495264516,0.8241847403804942,resnet50_pretrained_frac1.00_aug-strong_seed123
resnet50,True,1.0,strong,42,23549012,10,0.8597,308.5,0.07800994481850457,0.8597069678558389,0.8597069678558389,"[0, 1, 2, 3, 4, 5, 6, 7, 8, 9, 10, 11, 12, 13, 14, 15, 16, 17, 18, 19]",0.9819232427004603,0.8844655362967989,0.9493088237073218,0.8885435856413032,0.6947387768732115,0.9329898913737111,0.8192151127458208,0.9729192145673151,0.7222996611548225,0.8607917413872114,0.6826091467934079,0.9465235689703441,0.9442511281340732,0.9091706793946185,0.9518974029898423,0.6198555227978779,0.91518597971718,0.6957857123233179,0.9676380011891786,0.8540266283589629,resnet50_pretrained_frac1.00_aug-strong_seed42
resnet50,True,1.0,strong,456,23549012,11,0.8579,357.7,0.07733866240788292,0.8579214032465134,0.8579214032465134,"[0, 1, 2, 3, 4, 5, 6, 7, 8, 9, 10, 11, 12, 13, 14, 15, 16, 17, 18, 19]",0.9777103463443894,0.86690631057697,0.9453627669175753,0.8793617553565688,0.6703945785464905,0.9360796604062769,0.8272196194633844,0.9706872433376266,0.7374596555392186,0.8998215444607288,0.66547573439201,0.943922855842304,0.9408700567159779,0.9022815000236637,0.9575646260140632,0.634866381808862,0.9153008777151667,0.6696421044031121,0.967791897486187,0.8497085495796968,resnet50_pretrained_frac1.00_aug-strong_seed456
resnet50,False,0.05,standard,123,23549012,28,0.0901,227.0,0.23275381654173463,0.090083856833481,0.090083856833481,"[0, 1, 2, 3, 4, 5, 6, 7, 8, 9, 10, 11, 12, 13, 14, 15, 16, 17, 18, 19]",0.10957609670092978,0.046185408124437215,0.10701939640834929,0.04301274010212698,0.06401554590842878,0.05020864275312788,0.14748174377133852,0.1090089011345957,0.10608249036313606,0.032813511871325786,0.049375010661544684,0.12559705034451055,0.04934676516693982,0.0832484097092871,0.41680266232723623,0.04438301164117432,0.06053233100481288,0.050450356199164416,0.047190143321856726,0.05934691915529701,resnet50_scratch_frac0.05_aug-standard_seed123
resnet50,False,0.05,standard,42,23549012,6,0.0802,82.6,0.39422869518562986,0.08019481035659014,0.08019481035659014,"[0, 1, 2, 3, 4, 5, 6, 7, 8, 9, 10, 11, 12, 13, 14, 15, 16, 17, 18, 19]",0.1452619248419524,0.051421778223946626,0.1075039987473973,0.07455887061629697,0.05322012548496316,0.03510681479242846,0.10156077777784668,0.10234622839964849,0.09225525683550488,0.02452425077679982,0.045122193816665095,0.11880564281468442,0.041403727777661395,0.04528748843890995,0.3739602013593252,0.04262949328395853,0.02748566402577536,0.039202361735174024,0.040811817960406366,0.04142758942245765,resnet50_scratch_frac0.05_aug-standard_seed42
resnet50,False,0.05,standard,456,23549012,19,0.0828,190.4,0.23476344903746804,0.082798718833345,0.082798718833345,"[0, 1, 2, 3, 4, 5, 6, 7, 8, 9, 10, 11, 12, 13, 14, 15, 16, 17, 18, 19]",0.12518591479194335,0.05786107503317055,0.08968752405523384,0.08386602860717648,0.06878120133897961,0.034968249610593985,0.11596191199392511,0.08780550411622615,0.08732186659327873,0.02530207067774792,0.038726050237039046,0.1072308576945421,0.05129408806720759,0.05590063721311767,0.3928753370769526,0.04410991935644244,0.03473302823667333,0.04814784788258647,0.05677128249854779,0.04944398158551525,resnet50_scratch_frac0.05_aug-standard_seed456
resnet50,False,0.1,standard,123,23549012,19,0.0976,199.4,0.2332116091971869,0.0976339869933253,0.0976339869933253,"[0, 1, 2, 3, 4, 5, 6, 7, 8, 9, 10, 11, 12, 13, 14, 15, 16, 17, 18, 19]",0.18247579540779904,0.05222545795047441,0.13369213457099663,0.1272351243199506,0.07947158595509729,0.06050463071460352,0.11817639587810153,0.08103781583296055,0.1101933350750962,0.026205752288147685,0.062480352163197916,0.0976585677977442,0.04696059714061047,0.06498228894287231,0.44197516934082204,0.05539269760171639,0.03965500032541011,0.039699549124863,0.07203590233856451,0.060621587097477565,resnet50_scratch_frac0.10_aug-standard_seed123
resnet50,False,0.1,standard,42,23549012,29,0.107,261.4,0.22936044322265373,0.10704972302626758,0.10704972302626758,"[0, 1, 2, 3, 4, 5, 6, 7, 8, 9, 10, 11, 12, 13, 14, 15, 16, 17, 18, 19]",0.2746547136948747,0.06891928630873818,0.11882348667088113,0.1608106365987753,0.075550011265833,0.04859866393033553,0.11684939946297077,0.10992640808035363,0.1253170156168283,0.03525024813431199,0.0658023088708784,0.12503500566985537,0.044671109328926914,0.06733980749303797,0.42162293484836244,0.05639196793841288,0.08562860933897552,0.044410068297077866,0.04380066880554503,0.051592110170376466,resnet50_scratch_frac0.10_aug-standard_seed42
resnet50,False,0.1,standard,456,23549012,30,0.1053,246.4,0.22874183363311892,0.10526500406796122,0.10526500406796122,"[0, 1, 2, 3, 4, 5, 6, 7, 8, 9, 10, 11, 12, 13, 14, 15, 16, 17, 18, 19]",0.2785234088277566,0.06378928103498085,0.10610312813730613,0.15920113211646703,0.0744972587210514,0.05060296025167049,0.11806066637541913,0.12485474567463986,0.1254521384325311,0.028090677064324103,0.06326934895128057,0.14436372823792043,0.0512959568850515,0.04466422713050411,0.3877136513273769,0.06633631575667122,0.043439424001148266,0.05770835628107815,0.057437675072446494,0.059896001079600414,resnet50_scratch_frac0.10_aug-standard_seed456
resnet50,False,0.2,standard,123,23549012,21,0.1149,260.0,0.22659261524677277,0.11485039207302913,0.11485039207302913,"[0, 1, 2, 3, 4, 5, 6, 7, 8, 9, 10, 11, 12, 13, 14, 15, 16, 17, 18, 19]",0.30138174820068414,0.06628983063809686,0.10435904915811506,0.15648387068014213,0.08121541737964355,0.05165308588221102,0.1574326575577063,0.10861345140505194,0.13098151877794767,0.03356661673457432,0.07301030514518815,0.1411270428211933,0.052554028168498225,0.06670340935239201,0.4568458947939935,0.07181758946490288,0.06593661181988092,0.05497229190912251,0.0649069299256543,0.057156491645584076,resnet50_scratch_frac0.20_aug-standard_seed123
resnet50,False,0.2,standard,42,23549012,29,0.1305,309.7,0.22336109310061067,0.13048682041283763,0.13048682041283763,"[0, 1, 2, 3, 4, 5, 6, 7, 8, 9, 10, 11, 12, 13, 14, 15, 16, 17, 18, 19]",0.28951909453680946,0.06451179822140103,0.1192756335018231,0.15477860704083413,0.09693391532615417,0.08523227453103231,0.17176628014888579,0.14697901499185734,0.1615654526454351,0.03312692133614108,0.09583332187326854,0.15304084358392944,0.04393214077411961,0.09927536757547524,0.5167190299555395,0.06752456641828901,0.10052291950284438,0.06635014066249306,0.07961103637535323,0.06323804925506743,resnet50_scratch_frac0.20_aug-standard_seed42
resnet50,False,0.2,standard,456,23549012,29,0.1177,286.3,0.22511093121963544,0.11769780926862672,0.11769780926862672,"[0, 1, 2, 3, 4, 5, 6, 7, 8, 9, 10, 11, 12, 13, 14, 15, 16, 17, 18, 19]",0.28558641506525334,0.07800044856948177,0.10913252337339611,0.15033841005427742,0.07898859288482223,0.07871665798737794,0.1571993063357087,0.12499734752496672,0.13497103270255195,0.03149044261999136,0.07166116473319173,0.1543809240652979,0.049779768818694545,0.06944497861099795,0.4357130413996639,0.07463718179485251,0.07761803189832155,0.06364071436783261,0.06874479508158689,0.0589144074842673,resnet50_scratch_frac0.20_aug-standard_seed456
resnet50,False,0.5,standard,123,23549012,27,0.1956,417.3,0.20564878101532275,0.19562309009601314,0.19562309009601314,"[0, 1, 2, 3, 4, 5, 6, 7, 8, 9, 10, 11, 12, 13, 14, 15, 16, 17, 18, 19]",0.3812889260106762,0.15010278433895058,0.17488762498586755,0.19472728690647936,0.1293361921260833,0.2362219843712376,0.2703371116740817,0.2574104377569625,0.21480299786414156,0.07814028532615619,0.15381215756695013,0.22850195175777765,0.07133937859107087,0.179768039253509,0.5353853193951723,0.09218525002955319,0.1666100074709312,0.10944683157899576,0.13643905811722992,0.15171817679843602,resnet50_scratch_frac0.50_aug-standard_seed123
resnet50,False,0.5,standard,42,23549012,29,0.2109,430.8,0.20211832667445087,0.210868355367044,0.210868355367044,"[0, 1, 2, 3, 4, 5, 6, 7, 8, 9, 10, 11, 12, 13, 14, 15, 16, 17, 18, 19]",0.4375774041277774,0.1448339261657458,0.20352715225307183,0.20017137875537155,0.1456765095339579,0.30062690152134475,0.28202448384452894,0.2894564208945685,0.2674292352333118,0.08083809745797776,0.17220909230452383,0.255083962568733,0.06880662485457714,0.12513333345745858,0.5299950961283713,0.09659716625455168,0.19890914371257096,0.10690975974432029,0.15377001757565473,0.15779140095246302,resnet50_scratch_frac0.50_aug-standard_seed42
resnet50,False,0.5,standard,456,23549012,29,0.1815,429.2,0.21004360914230347,0.18147280771586097,0.18147280771586097,"[0, 1, 2, 3, 4, 5, 6, 7, 8, 9, 10, 11, 12, 13, 14, 15, 16, 17, 18, 19]",0.4187767773293497,0.12724139287021416,0.16363955495277802,0.18111557609013607,0.11897082599820026,0.24430324145963905,0.2669472100877197,0.21582341466286342,0.17435814703655622,0.06762384485995673,0.11625373197067039,0.22236437441166096,0.0824137335983046,0.12476022926655016,0.5186125934185921,0.07749598699511653,0.19402084905150824,0.06405803721986078,0.1658727871439336,0.08480384589360818,resnet50_scratch_frac0.50_aug-standard_seed456
resnet50,False,1.0,standard,123,23549012,30,0.265,632.1,0.19260857442578116,0.2650027149069426,0.2650027149069426,"[0, 1, 2, 3, 4, 5, 6, 7, 8, 9, 10, 11, 12, 13, 14, 15, 16, 17, 18, 19]",0.5159950432615201,0.1771180811390112,0.22035034365396863,0.24383790236390912,0.1537122760855752,0.40609159386205806,0.3086405872940604,0.34223989175083525,0.337858352638827,0.09644473057637012,0.2109228480007678,0.3084747154620234,0.10208052090431949,0.2576611187658893,0.6251322513076263,0.12443629710091043,0.20278795253076534,0.18753078091205283,0.1937438760360196,0.2849951344923421,resnet50_scratch_frac1.00_aug-standard_seed123
resnet50,False,1.0,standard,42,23549012,29,0.3092,776.5,0.18265130919414563,0.3091696004961614,0.3091696004961614,"[0, 1, 2, 3, 4, 5, 6, 7, 8, 9, 10, 11, 12, 13, 14, 15, 16, 17, 18, 19]",0.6315977175034116,0.1919894127561689,0.27572294272133885,0.2888553428652017,0.16453209827375648,0.521660304102769,0.3854569201740612,0.36540553639286366,0.39809339858536336,0.13236905598253534,0.2026255232934612,0.3279274809933206,0.14420240186500932,0.3138797076701392,0.7021805995523444,0.12110495737319431,0.18527720796881936,0.19571296861379517,0.3076552069019173,0.3271432263337578,resnet50_scratch_frac1.00_aug-standard_seed42
resnet50,False,1.0,standard,456,23549012,30,0.3046,647.1,0.185308433168537,0.3046132225585949,0.3046132225585949,"[0, 1, 2, 3, 4, 5, 6, 7, 8, 9, 10, 11, 12, 13, 14, 15, 16, 17, 18, 19]",0.5315444042675477,0.1974830323363018,0.21771407961031192,0.24528352609357845,0.16934725680062562,0.5596204207505809,0.35339923201426865,0.3749261492457298,0.36459994775628624,0.13458858505357346,0.21341174284125541,0.34881748958219627,0.1781639702674298,0.3214160193772073,0.7008994065023694,0.1410216884804615,0.18913412481791073,0.20582839454371105,0.33856661648652214,0.3064983643440303,resnet50_scratch_frac1.00_aug-standard_seed456
vit_b16,True,0.05,standard,123,85814036,30,0.8106,532.0,0.08397536172152875,0.8106207110931933,0.8106207110931933,"[0, 1, 2, 3, 4, 5, 6, 7, 8, 9, 10, 11, 12, 13, 14, 15, 16, 17, 18, 19]",0.9898565433235652,0.8897325945584628,0.9231689019991459,0.8631738082815941,0.3000001784401693,0.9377991626658272,0.7741669326984509,0.9797607144904914,0.6194651987397951,0.9143070788907866,0.6484411900784253,0.9465070897301772,0.9680941788942046,0.8564912721981851,0.9471209498022236,0.2889130393397858,0.9346237830129025,0.6799291507714311,0.9710965491295677,0.779765904818676,vit_b16_pretrained_frac0.05_aug-standard_seed123
vit_b16,True,0.05,standard,42,85814036,30,0.817,528.9,0.08610445969216116,0.8169814677794587,0.8169814677794587,"[0, 1, 2, 3, 4, 5, 6, 7, 8, 9, 10, 11, 12, 13, 14, 15, 16, 17, 18, 19]",0.9859992064956011,0.883677069287981,0.9285610477662052,0.8647245808963222,0.3496564634543647,0.9163479343893967,0.7613022825862465,0.9702495771843559,0.6502653094974155,0.925529508166829,0.7345738893642505,0.9330275665357112,0.9527007744110131,0.8830943656553786,0.9324611296284744,0.30596623098110187,0.9321815605956885,0.6784898742482238,0.9623111520519599,0.7885098323926574,vit_b16_pretrained_frac0.05_aug-standard_seed42
vit_b16,True,0.05,standard,456,85814036,30,0.8017,530.2,0.08643396296998956,0.8016895274205021,0.8016895274205021,"[0, 1, 2, 3, 4, 5, 6, 7, 8, 9, 10, 11, 12, 13, 14, 15, 16, 17, 18, 19]",0.9873297372894116,0.8469844672181639,0.9023701987136403,0.8783648877514146,0.2943008619750995,0.9333534060240166,0.7651311597005231,0.9668676078412193,0.6390587523605848,0.8761636843999421,0.6829791663789383,0.9494370786553511,0.9618368100488743,0.8436707002999039,0.9393545191143834,0.2579201838164442,0.915294868641904,0.6609184810981028,0.9750828229043972,0.7573711541777266,vit_b16_pretrained_frac0.05_aug-standard_seed456
vit_b16,True,0.1,standard,123,85814036,30,0.871,743.8,0.066242949034159,0.8709801364183744,0.8709801364183744,"[0, 1, 2, 3, 4, 5, 6, 7, 8, 9, 10, 11, 12, 13, 14, 15, 16, 17, 18, 19]",0.9960066734464117,0.919816853535242,0.9678445710378409,0.9322491184613075,0.5940061133605098,0.9379442663332183,0.8177832029070535,0.9875034484756776,0.7352585825258219,0.9636754857347031,0.7353580835298459,0.9747726266623405,0.9815141248433642,0.9171615867307428,0.95970312342583,0.4596750684807074,0.9722847143852019,0.7200341175229258,0.9794129750732249,0.8675979918955196,vit_b16_pretrained_frac0.10_aug-standard_seed123
vit_b16,True,0.1,standard,42,85814036,18,0.8668,450.2,0.07031199479332337,0.8668377391546237,0.8668377391546237,"[0, 1, 2, 3, 4, 5, 6, 7, 8, 9, 10, 11, 12, 13, 14, 15, 16, 17, 18, 19]",0.9921534268773656,0.9002308122838348,0.9636336688827205,0.9123922268492244,0.6064688372911541,0.9334905876305774,0.8053594452365348,0.9786088697763059,0.7475195519187922,0.9584533118849053,0.7600047911177059,0.9668688255869484,0.976209393112922,0.9234642398806765,0.9534264419859688,0.45403462006577994,0.9681123071267023,0.7140207192947798,0.9713419875078908,0.8509607187816811,vit_b16_pretrained_frac0.10_aug-standard_seed42
vit_b16,True,0.1,standard,456,85814036,30,0.8723,592.8,0.06711829601080863,0.872299687708707,0.872299687708707,"[0, 1, 2, 3, 4, 5, 6, 7, 8, 9, 10, 11, 12, 13, 14, 15, 16, 17, 18, 19]",0.9936494921017701,0.8972221598986124,0.9529779766804002,0.9218941807877302,0.6372595811840702,0.9383383378440807,0.7986316521274289,0.9817764755561272,0.7402509449411245,0.9601980272366931,0.7417028969370346,0.9760582449981503,0.9781789300963035,0.9107098984104759,0.9604483020390374,0.4903848336984464,0.9776216198597014,0.752266538874168,0.9806075785562254,0.8558160823465596,vit_b16_pretrained_frac0.10_aug-standard_seed456
vit_b16,True,0.2,standard,123,85814036,14,0.8951,444.6,0.05903075594495941,0.8951011159732192,0.8951011159732192,"[0, 1, 2, 3, 4, 5, 6, 7, 8, 9, 10, 11, 12, 13, 14, 15, 16, 17, 18, 19]",0.9962160477165533,0.9288421463503455,0.9725636385951287,0.9397022643442291,0.6768808344732972,0.951555700351387,0.8383976541001534,0.9915450877250915,0.7716314582113969,0.9722767908824105,0.7791919523848184,0.9794866519379772,0.9833152547573436,0.9399464427032167,0.9631573220473189,0.5819075025350288,0.9781443851915476,0.7716817094409641,0.987310439141923,0.8982690365742472,vit_b16_pretrained_frac0.20_aug-standard_seed123
vit_b16,True,0.2,standard,42,85814036,19,0.8932,564.9,0.06116113869043497,0.8932364396735414,0.8932364396735414,"[0, 1, 2, 3, 4, 5, 6, 7, 8, 9, 10, 11, 12, 13, 14, 15, 16, 17, 18, 19]",0.9939737329483204,0.9192770548180764,0.9718632580114099,0.9248169043013654,0.641171363969928,0.940941402424467,0.8427691560579587,0.9894381924351299,0.7751087999547619,0.9782148410615435,0.8016054490981029,0.9742516893547982,0.9794551016784396,0.9442474389829207,0.9618681865374803,0.5762981699679599,0.9796699440302339,0.7882061579467755,0.988740055975913,0.8928118939152437,vit_b16_pretrained_frac0.20_aug-standard_seed42
vit_b16,True,0.2,standard,456,85814036,25,0.8929,701.3,0.060875402824891796,0.8928802957797222,0.8928802957797222,"[0, 1, 2, 3, 4, 5, 6, 7, 8, 9, 10, 11, 12, 13, 14, 15, 16, 17, 18, 19]",0.9938057727587327,0.918860796669687,0.9661370792074806,0.9341445583651807,0.6542553791680593,0.9477310600976129,0.846197350572768,0.9896697117375396,0.7739014644002595,0.9783881848415867,0.7743991129949573,0.9787845002011544,0.9807962667951363,0.9359880550774157,0.9637795588479106,0.5795627456470338,0.9753092311230807,0.7877169779980777,0.9874154906559676,0.8907626184348009,vit_b16_pretrained_frac0.20_aug-standard_seed456
vit_b16,True,0.5,standard,123,85814036,7,0.9144,422.6,0.051296239595983055,0.9143952466072669,0.9143952466072669,"[0, 1, 2, 3, 4, 5, 6, 7, 8, 9, 10, 11, 12, 13, 14, 15, 16, 17, 18, 19]",0.9960072142757722,0.9395834524363484,0.9806375684741055,0.9479385193688707,0.7354752484914118,0.9590849490511411,0.8826696605641898,0.9944522815846196,0.8152128049998828,0.9801365106574284,0.7948918728113218,0.9852319904663619,0.9840957213039097,0.946673948000865,0.9690285730371323,0.6990521291764642,0.9873915163282304,0.7908548140311844,0.9906740529311215,0.9088121041549769,vit_b16_pretrained_frac0.50_aug-standard_seed123
vit_b16,True,0.5,standard,42,85814036,6,0.915,387.4,0.05109197582926724,0.9150470992238763,0.9150470992238763,"[0, 1, 2, 3, 4, 5, 6, 7, 8, 9, 10, 11, 12, 13, 14, 15, 16, 17, 18, 19]",0.9947339107194975,0.9384910502126694,0.9773883366331623,0.9430080740796811,0.7392721065040524,0.9526995292574503,0.886033516588791,0.9934760682366165,0.8186228065408672,0.9867119530487738,0.7969447298445981,0.9834423654710798,0.9825129442218928,0.9483504400927234,0.9703611000777415,0.6946830436147692,0.9871240100173294,0.8057405523094323,0.9926053837764283,0.9087400632299687,vit_b16_pretrained_frac0.50_aug-standard_seed42
vit_b16,True,0.5,standard,456,85814036,6,0.9133,407.6,0.05163859588268039,0.9132660510922725,0.9132660510922725,"[0, 1, 2, 3, 4, 5, 6, 7, 8, 9, 10, 11, 12, 13, 14, 15, 16, 17, 18, 19]",0.9945997797387292,0.9376778455514588,0.9745155175583889,0.9437586597998521,0.7550652278963812,0.9510762069591887,0.8693336076418388,0.9930011298364432,0.827826032808166,0.9700995311788564,0.7911238557703247,0.9829986499831903,0.9834124058799487,0.9506416897494494,0.9701467981042199,0.6889669715187657,0.9878627050937301,0.8037841655057236,0.9876025995655138,0.9018276417052813,vit_b16_pretrained_frac0.50_aug-standard_seed456
vit_b16,True,1.0,none,123,85814036,4,0.916,498.3,0.057289542425628545,0.9160454004109507,0.9160454004109507,"[0, 1, 2, 3, 4, 5, 6, 7, 8, 9, 10, 11, 12, 13, 14, 15, 16, 17, 18, 19]",0.9961435660905221,0.9372554190501011,0.97632852168666,0.9479828155965028,0.7626928153792235,0.9573230210558786,0.8899966326858392,0.9892425219545894,0.8066672569336428,0.9667535476074048,0.8176842346034257,0.9753807867646064,0.9787362758050603,0.9556686648168952,0.9691298335826366,0.7164326134209028,0.9761031990934987,0.8114026692110746,0.984753711130684,0.9052299017498644,vit_b16_pretrained_frac1.00_aug-none_seed123
vit_b16,True,1.0,none,42,85814036,9,0.9202,767.6,0.06939498617590129,0.9201750365963204,0.9201750365963204,"[0, 1, 2, 3, 4, 5, 6, 7, 8, 9, 10, 11, 12, 13, 14, 15, 16, 17, 18, 19]",0.9935334443778813,0.9301015794092786,0.9782751856935187,0.9422600269341869,0.7764427008014763,0.9571842798721796,0.8772970385421818,0.987748834798033,0.8315730991485148,0.9764694356793472,0.8263690347094151,0.9799503949019346,0.9806254065223382,0.9620926810272536,0.9716571891274381,0.7447346415197542,0.9794070190852002,0.8163241130273622,0.9889034202395076,0.902551206509603,vit_b16_pretrained_frac1.00_aug-none_seed42
vit_b16,True,1.0,none,456,85814036,8,0.9169,716.7,0.0680633385839698,0.9169399070199434,0.9169399070199434,"[0, 1, 2, 3, 4, 5, 6, 7, 8, 9, 10, 11, 12, 13, 14, 15, 16, 17, 18, 19]",0.9945363955404176,0.9283317810160361,0.9760843764996143,0.9498009789484426,0.7692680169959065,0.9479198815731402,0.88435664889952,0.9873625317950252,0.8290885200387311,0.9688130105842124,0.8164538247027743,0.9761956253311722,0.9810514998805104,0.9495422684285805,0.9702547044623191,0.7306779795688776,0.9837403848235738,0.8205435185577501,0.9866159008976039,0.8881602918546591,vit_b16_pretrained_frac1.00_aug-none_seed456
vit_b16,True,1.0,standard,123,85814036,4,0.9271,492.8,0.046962771933157364,0.9271004757034469,0.9271004757034469,"[0, 1, 2, 3, 4, 5, 6, 7, 8, 9, 10, 11, 12, 13, 14, 15, 16, 17, 18, 19]",0.9966889726887312,0.9434715534720348,0.9826087860789057,0.9547083256051104,0.7910800287227294,0.9629449170635302,0.8945970920076403,0.9961473953787486,0.8344807908768552,0.9849931081127434,0.8362756055200766,0.9856899746876817,0.9864900900230265,0.9605251133673691,0.9733999406597251,0.7384576496058901,0.9882941546640783,0.8312813146171014,0.9933643324173709,0.9065103684995844,vit_b16_pretrained_frac1.00_aug-standard_seed123
vit_b16,True,1.0,standard,42,85814036,5,0.9274,546.6,0.04818041422046148,0.9274195948309322,0.9274195948309322,"[0, 1, 2, 3, 4, 5, 6, 7, 8, 9, 10, 11, 12, 13, 14, 15, 16, 17, 18, 19]",0.9955214818028292,0.9449520081734692,0.9841374064128477,0.9517165480248551,0.7967256073720484,0.9548210470238251,0.8926742591273003,0.9924683605729565,0.8374248352584017,0.9874219048859022,0.8299086144658966,0.985968893587649,0.9873189797443757,0.9563589825866748,0.9744536310681644,0.7395012282645836,0.9868690149934211,0.835405647770033,0.9956264770676744,0.9191169684157358,vit_b16_pretrained_frac1.00_aug-standard_seed42
vit_b16,True,1.0,standard,456,85814036,4,0.9258,510.7,0.04677706549537706,0.9257524442352152,0.9257524442352152,"[0, 1, 2, 3, 4, 5, 6, 7, 8, 9, 10, 11, 12, 13, 14, 15, 16, 17, 18, 19]",0.9937732180256325,0.944544348108749,0.9801335023262122,0.955209736520804,0.7952613925106566,0.962205633606447,0.8914870287353543,0.9947913343790724,0.8348403489364924,0.9832764365148641,0.8193531637168067,0.9865319332308459,0.9882170580400021,0.9596403442767322,0.9744784315757392,0.7464728742015548,0.9883955846573124,0.8177589275632502,0.9921706742572269,0.9065069135205468,vit_b16_pretrained_frac1.00_aug-standard_seed456
vit_b16,True,1.0,strong,123,85814036,6,0.9274,596.0,0.04772947683602899,0.9274356971806185,0.9274356971806185,"[0, 1, 2, 3, 4, 5, 6, 7, 8, 9, 10, 11, 12, 13, 14, 15, 16, 17, 18, 19]",0.9978981758305209,0.9388736082774616,0.9847585517980892,0.9572327303232001,0.8044540470878483,0.9632308215920323,0.8992246381492881,0.9920081452709598,0.8311114092245662,0.9845779077663194,0.8330907039022757,0.9844764784082386,0.9882627135087096,0.9585086534925015,0.9717669094839783,0.7430512888404417,0.9887169208035115,0.825388726395903,0.9954703750033983,0.9066111384531244,vit_b16_pretrained_frac1.00_aug-strong_seed123
vit_b16,True,1.0,strong,42,85814036,6,0.9271,595.0,0.04725028795527888,0.9271035225320912,0.9271035225320912,"[0, 1, 2, 3, 4, 5, 6, 7, 8, 9, 10, 11, 12, 13, 14, 15, 16, 17, 18, 19]",0.994654298969696,0.9434082790105928,0.9801197923748007,0.9573682712629246,0.8094002478875136,0.963621447914458,0.8893952233254713,0.9921471604491149,0.8406294601844556,0.9826434916720498,0.8152654752096065,0.9844515509758328,0.9866720622839305,0.9601477957639821,0.974154199393984,0.7481806584776709,0.9844968950843884,0.8225923824073119,0.9943690219572976,0.9183527360367406,vit_b16_pretrained_frac1.00_aug-strong_seed42
vit_b16,True,1.0,strong,456,85814036,6,0.9263,598.1,0.047820524097635195,0.9262962509761314,0.9262962509761314,"[0, 1, 2, 3, 4, 5, 6, 7, 8, 9, 10, 11, 12, 13, 14, 15, 16, 17, 18, 19]",0.9955286126959382,0.9305852378160605,0.9799588713837145,0.9496077477925408,0.8068912945360591,0.9665472791143235,0.894598263924838,0.9950671282028065,0.8335286200472996,0.9851942112125905,0.8026856317387452,0.9877242530167285,0.9817908179514307,0.9600563632978947,0.9746986595221699,0.7548867182422725,0.9859792744251415,0.8264221213878814,0.9934102070252027,0.9207637061889878,vit_b16_pretrained_frac1.00_aug-strong_seed456
vit_b16,False,0.05,standard,123,85814036,30,0.1121,526.3,0.22840640128968837,0.1121030808332214,0.1121030808332214,"[0, 1, 2, 3, 4, 5, 6, 7, 8, 9, 10, 11, 12, 13, 14, 15, 16, 17, 18, 19]",0.29695048818067915,0.042013968490959785,0.12134855066113606,0.1505327050984951,0.10549960456003382,0.04642759207117497,0.15286439609042682,0.09776834260902126,0.13371917526723276,0.02703656973507109,0.07915222694325855,0.12463093835714259,0.044070341478374575,0.05165846454770959,0.46521883012395904,0.05543219337790737,0.03565686701374411,0.06722644692686536,0.0733690342818844,0.0714848808493515,vit_b16_scratch_frac0.05_aug-standard_seed123
vit_b16,False,0.05,standard,42,85814036,30,0.1142,512.4,0.22815118320695646,0.11421793798413704,0.11421793798413704,"[0, 1, 2, 3, 4, 5, 6, 7, 8, 9, 10, 11, 12, 13, 14, 15, 16, 17, 18, 19]",0.26729583144758634,0.03868712612011855,0.13474034282972544,0.15164041422085492,0.10444706648175668,0.05162108132595848,0.17681698232383053,0.11098717562726658,0.12685057436417707,0.02798331861424941,0.07140805216619253,0.12295407251220042,0.04541956958582398,0.05347129715643565,0.476624255956738,0.061108722338226486,0.049499132898840864,0.06763726039533734,0.07816081900509723,0.06700566431232446,vit_b16_scratch_frac0.05_aug-standard_seed42
vit_b16,False,0.05,standard,456,85814036,29,0.1201,522.3,0.2270063885620662,0.12005039744854151,0.12005039744854151,"[0, 1, 2, 3, 4, 5, 6, 7, 8, 9, 10, 11, 12, 13, 14, 15, 16, 17, 18, 19]",0.3012833087214535,0.0383379447800631,0.13670533970566592,0.15169486940668825,0.10638527295586335,0.052815840505979574,0.17403897393184156,0.1259324155266472,0.12529867388401994,0.029676464555434795,0.071031115660104,0.11938234123425467,0.04847071816600405,0.05995007757376877,0.4798461722176874,0.05769062526723013,0.07861612736482619,0.06376521221542944,0.0750151318027277,0.10507132349514108,vit_b16_scratch_frac0.05_aug-standard_seed456
vit_b16,False,0.1,standard,123,85814036,30,0.1552,586.4,0.21810123930265615,0.15521751827603172,0.15521751827603172,"[0, 1, 2, 3, 4, 5, 6, 7, 8, 9, 10, 11, 12, 13, 14, 15, 16, 17, 18, 19]",0.3265150440668339,0.05759098350475851,0.16248223668344625,0.17123721364332617,0.11143262618858737,0.18478589863316577,0.22568785214364862,0.20103626325517646,0.14100948292475313,0.05104371755651127,0.0758432236326137,0.1933925076218064,0.0564645932552899,0.07016498735562007,0.5655130274187107,0.056817323782163524,0.1560466300596722,0.09137708141530813,0.10793360738070842,0.09797606499853355,vit_b16_scratch_frac0.10_aug-standard_seed123
vit_b16,False,0.1,standard,42,85814036,29,0.1415,585.5,0.22051921978101627,0.14152390728617278,0.14152390728617278,"[0, 1, 2, 3, 4, 5, 6, 7, 8, 9, 10, 11, 12, 13, 14, 15, 16, 17, 18, 19]",0.2872942557077516,0.06072440861134136,0.1567308340311878,0.14346354445267545,0.09975074496324954,0.13775888334475714,0.229715190044426,0.16799311411634585,0.14184512951710826,0.052244625987034526,0.06748847432788053,0.17349074708660586,0.05709568596777673,0.06438271359095324,0.5354165611126162,0.059272426768243805,0.1537027046316579,0.07645331995292297,0.08028169856140051,0.08537308294752073,vit_b16_scratch_frac0.10_aug-standard_seed42
vit_b16,False,0.1,standard,456,85814036,28,0.1514,621.4,0.21829094500332089,0.15138833515977113,0.15138833515977113,"[0, 1, 2, 3, 4, 5, 6, 7, 8, 9, 10, 11, 12, 13, 14, 15, 16, 17, 18, 19]",0.32983447672412153,0.06401367542799279,0.1540455874644934,0.16850347173807012,0.10391406087219776,0.15910351499683809,0.22895729165898485,0.20490488646867552,0.139152463830816,0.06294309638774204,0.07000319176287098,0.18299738588441933,0.05333763880612861,0.07077505655150879,0.5603803987904883,0.05453216197684309,0.13794583761267296,0.08184251498533152,0.1120543783995457,0.08852561285568152,vit_b16_scratch_frac0.10_aug-standard_seed456
vit_b16,False,0.2,standard,123,85814036,30,0.187,706.1,0.20914822358351487,0.1869706706475096,0.1869706706475096,"[0, 1, 2, 3, 4, 5, 6, 7, 8, 9, 10, 11, 12, 13, 14, 15, 16, 17, 18, 19]",0.4018228941828357,0.09019980343867341,0.1692531817438977,0.19230655295921315,0.11769749782358586,0.1931496709052588,0.27707925417885954,0.2775174988818135,0.1923948692197474,0.055386808358902195,0.13570313249741736,0.23964525770190637,0.07461235259466523,0.140369975590109,0.5975345941146951,0.08887360277503902,0.15316334027321182,0.09391684093807057,0.13633010280935234,0.11245618196293859,vit_b16_scratch_frac0.20_aug-standard_seed123
vit_b16,False,0.2,standard,42,85814036,30,0.1925,687.4,0.20831053990584153,0.19250044923511841,0.19250044923511841,"[0, 1, 2, 3, 4, 5, 6, 7, 8, 9, 10, 11, 12, 13, 14, 15, 16, 17, 18, 19]",0.43926280168892534,0.11244737980341961,0.18453265873156333,0.16593932597542982,0.12800647281075103,0.21261209532005626,0.2559164305035105,0.2829075310099968,0.17891815401284952,0.06745894361610374,0.13715731120509475,0.2321274695860583,0.06867459250708811,0.151148650910849,0.5941860529664019,0.09590810021200585,0.15107381111578366,0.10577237955721508,0.15636663662996828,0.1295921865392976,vit_b16_scratch_frac0.20_aug-standard_seed42
vit_b16,False,0.2,standard,456,85814036,30,0.1848,685.8,0.20912170623029983,0.18484963364574267,0.18484963364574267,"[0, 1, 2, 3, 4, 5, 6, 7, 8, 9, 10, 11, 12, 13, 14, 15, 16, 17, 18, 19]",0.3800659244875819,0.09689555645382397,0.18259313488790493,0.16240491611885283,0.11746572501201126,0.17162594733978317,0.24278320234143513,0.3032529973474393,0.18505528416500375,0.06517913217036742,0.13239672304388816,0.23964711127632102,0.07834566813824267,0.1413539998703373,0.5926945395768448,0.09189538756200838,0.14337050359012635,0.10663095995583834,0.1528445204599793,0.11049143911706384,vit_b16_scratch_frac0.20_aug-standard_seed456
vit_b16,False,0.5,standard,123,85814036,8,0.1521,456.4,0.2220037307713058,0.15213681474612373,0.15213681474612373,"[0, 1, 2, 3, 4, 5, 6, 7, 8, 9, 10, 11, 12, 13, 14, 15, 16, 17, 18, 19]",0.3351782512934609,0.0923995182742321,0.11890942964657888,0.18801495424883127,0.10895415413680418,0.14628310652837623,0.24666916211596832,0.16568579182973958,0.14767974863092942,0.040829555454273476,0.0969593262601671,0.1807469154084379,0.07065729421157693,0.09622748168685842,0.5558677949945482,0.0571170086193671,0.14375029053436,0.08166954832546883,0.09785834236542854,0.07127862035706761,vit_b16_scratch_frac0.50_aug-standard_seed123
vit_b16,False,0.5,standard,42,85814036,29,0.1846,1062.7,0.21064403833268763,0.18460172540376682,0.18460172540376682,"[0, 1, 2, 3, 4, 5, 6, 7, 8, 9, 10, 11, 12, 13, 14, 15, 16, 17, 18, 19]",0.3953120358893157,0.12306561511504888,0.1794705355997805,0.18440549684314372,0.11917163290122268,0.18315481330914224,0.2855752484907793,0.23765472295629267,0.17986052641000314,0.06282844391537977,0.13231029423819207,0.2245836606043601,0.07839241528824904,0.16651906369411487,0.5742748269080504,0.08454566489966499,0.14341656040156003,0.09660159465944339,0.14172922179797995,0.09916213415361338,vit_b16_scratch_frac0.50_aug-standard_seed42
vit_b16,False,0.5,standard,456,85814036,6,0.1612,386.7,0.2236206449650146,0.16120061238940878,0.16120061238940878,"[0, 1, 2, 3, 4, 5, 6, 7, 8, 9, 10, 11, 12, 13, 14, 15, 16, 17, 18, 19]",0.3099243499778682,0.11052203257357374,0.14876062216427977,0.1612148261657751,0.114164762246453,0.12515470696461725,0.22506119448265915,0.21532767664938454,0.1738045299129189,0.0627144009783705,0.09230801722650686,0.21299092111608506,0.061618630918861314,0.12826155914863405,0.5743952135449992,0.07021426949780196,0.13343540979658217,0.0857057844361126,0.11293876507475677,0.10549457491193603,vit_b16_scratch_frac0.50_aug-standard_seed456
vit_b16,False,1.0,standard,123,85814036,3,0.1603,431.7,0.21988950948138813,0.16028588517314682,0.16028588517314682,"[0, 1, 2, 3, 4, 5, 6, 7, 8, 9, 10, 11, 12, 13, 14, 15, 16, 17, 18, 19]",0.32322116720547833,0.08804279692150876,0.16900762213032808,0.1597836267078144,0.12062523633127958,0.18767147216343813,0.24269907676537378,0.19795292666838224,0.15271637882959063,0.05383893448677374,0.08736490455126977,0.19142077380650507,0.06347830001152355,0.09808794250433309,0.5514562691008942,0.06622006818988459,0.15238412326568815,0.0782569480560892,0.12702257498267863,0.09446656078410273,vit_b16_scratch_frac1.00_aug-standard_seed123
vit_b16,False,1.0,standard,42,85814036,3,0.1659,444.1,0.21934476085416563,0.16588275648617193,0.16588275648617193,"[0, 1, 2, 3, 4, 5, 6, 7, 8, 9, 10, 11, 12, 13, 14, 15, 16, 17, 18, 19]",0.3556293226769129,0.10947894049907377,0.16976300291173962,0.19146201377230085,0.0970612188591019,0.17493541927490805,0.26328191201878814,0.20938938775464977,0.15658828443263403,0.05532338471263026,0.09422139461752653,0.18977938277656106,0.06399939024815285,0.1198832077107984,0.533140370344468,0.0743825907813776,0.14285373648086874,0.0865090703576206,0.12880459432813054,0.10116850516519474,vit_b16_scratch_frac1.00_aug-standard_seed42
vit_b16,False,1.0,standard,456,85814036,5,0.1722,542.6,0.2220345065816418,0.172190256780046,0.172190256780046,"[0, 1, 2, 3, 4, 5, 6, 7, 8, 9, 10, 11, 12, 13, 14, 15, 16, 17, 18, 19]",0.3388521736091609,0.10317503507489763,0.1447465156937572,0.1644036143512319,0.12264032123732702,0.1797182850010377,0.24549731609697145,0.23053795604368288,0.18657764510983577,0.05086648213744132,0.09956550830944373,0.23535518898089353,0.08131940491353032,0.111421603857878,0.5753624298453862,0.08413956169677872,0.18135970416293973,0.08005947157054656,0.11755265188204794,0.11065426602613189,vit_b16_scratch_frac1.00_aug-standard_seed456
